anchor_id,object_id,step_length,reference_step_length,projected_x,projected_y,projected_tile,object_centroid_projected_x,object_centroid_projected_y,radial_dist_from_object_centroid,radial_angle_from_object_centroid,nearest_anchor_kind,nearest_corner_dist,nearest_edge_dist,sample_phase,neighborhood_center_x,neighborhood_center_y,neighborhood_radius,neighborhood_direction,radial_offset_x,radial_offset_y,hit,collider_id,domain_id,boundary_events,portal_events,hit_distance,path_length,normal_x,normal_y,normal_z,decision_risk,matched_reference_decision,required_precision_label
geometry:25836914057:edge_midpoint:6,geometry:25836914057,0.02,0.003125,160,24,2,160,90,66,-1.570796,EdgeMidpoint,-1,0,anchor_probe,160,24,0,center,0,0,0,0,-1,0,0,-1,40.98006,0,1,0,5.400038,0,0.003125
geometry:25836914057:edge_midpoint:6,geometry:25836914057,0.0125,0.003125,160,24,2,160,90,66,-1.570796,EdgeMidpoint,-1,0,anchor_probe,160,24,0,center,0,0,0,0,-1,0,0,-1,25.61239,0,1,0,3,0,0.003125
geometry:25836914057:edge_midpoint:6,geometry:25836914057,0.003125,0.003125,160,24,2,160,90,66,-1.570796,EdgeMidpoint,-1,0,anchor_probe,160,24,0,center,0,0,0,0,-1,0,0,-1,6.403096,0,1,0,0,1,0.003125
geometry:25836914057:edge_midpoint:6,geometry:25836914057,0.02,0.003125,162,24,2,160,90,66.0303,-1.540503,EdgeMidpoint,-1,2,anchor_probe,160,24,2,cardinal_east,2,0,0,0,-1,0,0,-1,40.98001,0,1,0,5.399966,0,0.003125
geometry:25836914057:edge_midpoint:6,geometry:25836914057,0.0125,0.003125,162,24,2,160,90,66.0303,-1.540503,EdgeMidpoint,-1,2,anchor_probe,160,24,2,cardinal_east,2,0,0,0,-1,0,0,-1,25.61264,0,1,0,3,0,0.003125
geometry:25836914057:edge_midpoint:6,geometry:25836914057,0.003125,0.003125,162,24,2,160,90,66.0303,-1.540503,EdgeMidpoint,-1,2,anchor_probe,160,24,2,cardinal_east,2,0,0,0,-1,0,0,-1,6.403161,0,1,0,0,1,0.003125
geometry:25836914057:edge_midpoint:6,geometry:25836914057,0.02,0.003125,158,24,2,160,90,66.0303,-1.60109,EdgeMidpoint,-1,2,anchor_probe,160,24,2,cardinal_west,-2,0,0,0,-1,0,0,-1,40.97984,0,1,0,5.399985,0,0.003125
geometry:25836914057:edge_midpoint:6,geometry:25836914057,0.0125,0.003125,158,24,2,160,90,66.0303,-1.60109,EdgeMidpoint,-1,2,anchor_probe,160,24,2,cardinal_west,-2,0,0,0,-1,0,0,-1,25.61246,0,1,0,3,0,0.003125
geometry:25836914057:edge_midpoint:6,geometry:25836914057,0.003125,0.003125,158,24,2,160,90,66.0303,-1.60109,EdgeMidpoint,-1,2,anchor_probe,160,24,2,cardinal_west,-2,0,0,0,-1,0,0,-1,6.403115,0,1,0,0,1,0.003125
geometry:25836914057:edge_midpoint:6,geometry:25836914057,0.02,0.003125,160,26,2,160,90,64,-1.570796,EdgeMidpoint,-1,2,anchor_probe,160,24,2,cardinal_south,0,2,1,25836914057,-1,0,0,8.279011,8.280004,0,0,1,2.293114,0,0.003125
geometry:25836914057:edge_midpoint:6,geometry:25836914057,0.0125,0.003125,160,26,2,160,90,64,-1.570796,EdgeMidpoint,-1,2,anchor_probe,160,24,2,cardinal_south,0,2,1,25836914057,-1,0,0,8.278944,8.287512,0,0,1,2.294286,0,0.003125
geometry:25836914057:edge_midpoint:6,geometry:25836914057,0.003125,0.003125,160,26,2,160,90,64,-1.570796,EdgeMidpoint,-1,2,anchor_probe,160,24,2,cardinal_south,0,2,0,0,-1,0,0,-1,6.403151,0,1,0,0,1,0.003125
geometry:25836914057:edge_midpoint:6,geometry:25836914057,0.02,0.003125,160,22,2,160,90,68,-1.570796,EdgeMidpoint,-1,2,anchor_probe,160,24,2,cardinal_north,0,-2,0,0,-1,0,0,-1,40.98021,0,1,0,5.399986,0,0.003125
geometry:25836914057:edge_midpoint:6,geometry:25836914057,0.0125,0.003125,160,22,2,160,90,68,-1.570796,EdgeMidpoint,-1,2,anchor_probe,160,24,2,cardinal_north,0,-2,0,0,-1,0,0,-1,25.61232,0,1,0,2.999943,0,0.003125
geometry:25836914057:edge_midpoint:6,geometry:25836914057,0.003125,0.003125,160,22,2,160,90,68,-1.570796,EdgeMidpoint,-1,2,anchor_probe,160,24,2,cardinal_north,0,-2,0,0,-1,0,0,-1,6.403173,0,1,0,0,1,0.003125
geometry:25836914057:edge_midpoint:6,geometry:25836914057,0.02,0.003125,162,26,2,160,90,64.03124,-1.539557,EdgeMidpoint,-1,2.828427,anchor_probe,160,24,3,diagonal_southeast,2,2,1,25836914057,-1,0,0,8.279112,8.280006,0,0,1,2.293108,0,0.003125
geometry:25836914057:edge_midpoint:6,geometry:25836914057,0.0125,0.003125,162,26,2,160,90,64.03124,-1.539557,EdgeMidpoint,-1,2.828427,anchor_probe,160,24,3,diagonal_southeast,2,2,1,25836914057,-1,0,0,8.279087,8.287481,0,0,1,2.294276,0,0.003125
geometry:25836914057:edge_midpoint:6,geometry:25836914057,0.003125,0.003125,162,26,2,160,90,64.03124,-1.539557,EdgeMidpoint,-1,2.828427,anchor_probe,160,24,3,diagonal_southeast,2,2,0,0,-1,0,0,-1,6.40318,0,1,0,0,1,0.003125
geometry:25836914057:edge_midpoint:6,geometry:25836914057,0.02,0.003125,162,22,2,160,90,68.0294,-1.541393,EdgeMidpoint,-1,2.828427,anchor_probe,160,24,3,diagonal_northeast,2,-2,0,0,-1,0,0,-1,40.98045,0,1,0,5.400032,0,0.003125
geometry:25836914057:edge_midpoint:6,geometry:25836914057,0.0125,0.003125,162,22,2,160,90,68.0294,-1.541393,EdgeMidpoint,-1,2.828427,anchor_probe,160,24,3,diagonal_northeast,2,-2,0,0,-1,0,0,-1,25.61244,0,1,0,2.999966,0,0.003125
geometry:25836914057:edge_midpoint:6,geometry:25836914057,0.003125,0.003125,162,22,2,160,90,68.0294,-1.541393,EdgeMidpoint,-1,2.828427,anchor_probe,160,24,3,diagonal_northeast,2,-2,0,0,-1,0,0,-1,6.403164,0,1,0,0,1,0.003125
geometry:25836914057:edge_midpoint:6,geometry:25836914057,0.02,0.003125,158,26,2,160,90,64.03124,-1.602036,EdgeMidpoint,-1,2.828427,anchor_probe,160,24,3,diagonal_southwest,-2,2,1,25836914057,-1,0,0,8.279035,8.280015,0,0,1,2.293111,0,0.003125
geometry:25836914057:edge_midpoint:6,geometry:25836914057,0.0125,0.003125,158,26,2,160,90,64.03124,-1.602036,EdgeMidpoint,-1,2.828427,anchor_probe,160,24,3,diagonal_southwest,-2,2,1,25836914057,-1,0,0,8.278968,8.287521,0,0,1,2.294284,0,0.003125
geometry:25836914057:edge_midpoint:6,geometry:25836914057,0.003125,0.003125,158,26,2,160,90,64.03124,-1.602036,EdgeMidpoint,-1,2.828427,anchor_probe,160,24,3,diagonal_southwest,-2,2,0,0,-1,0,0,-1,6.403172,0,1,0,0,1,0.003125
geometry:25836914057:edge_midpoint:6,geometry:25836914057,0.02,0.003125,158,22,2,160,90,68.0294,-1.6002,EdgeMidpoint,-1,2.828427,anchor_probe,160,24,3,diagonal_northwest,-2,-2,0,0,-1,0,0,-1,40.98027,0,1,0,5.399974,0,0.003125
geometry:25836914057:edge_midpoint:6,geometry:25836914057,0.0125,0.003125,158,22,2,160,90,68.0294,-1.6002,EdgeMidpoint,-1,2.828427,anchor_probe,160,24,3,diagonal_northwest,-2,-2,0,0,-1,0,0,-1,25.61241,0,1,0,2.999943,0,0.003125
geometry:25836914057:edge_midpoint:6,geometry:25836914057,0.003125,0.003125,158,22,2,160,90,68.0294,-1.6002,EdgeMidpoint,-1,2.828427,anchor_probe,160,24,3,diagonal_northwest,-2,-2,0,0,-1,0,0,-1,6.403193,0,1,0,0,1,0.003125
geometry:25836914057:edge_midpoint:6,geometry:25836914057,0.02,0.003125,164,24,2,160,90,66.1211,-1.510264,EdgeMidpoint,-1,4,anchor_probe,160,24,4,cardinal_east,4,0,0,0,-1,0,0,-1,40.98006,0,1,0,5.399926,0,0.003125
geometry:25836914057:edge_midpoint:6,geometry:25836914057,0.0125,0.003125,164,24,2,160,90,66.1211,-1.510264,EdgeMidpoint,-1,4,anchor_probe,160,24,4,cardinal_east,4,0,0,0,-1,0,0,-1,25.61299,0,1,0,3.000024,0,0.003125
geometry:25836914057:edge_midpoint:6,geometry:25836914057,0.003125,0.003125,164,24,2,160,90,66.1211,-1.510264,EdgeMidpoint,-1,4,anchor_probe,160,24,4,cardinal_east,4,0,0,0,-1,0,0,-1,6.403209,0,1,0,0,1,0.003125
geometry:25836914057:edge_midpoint:6,geometry:25836914057,0.02,0.003125,156,24,2,160,90,66.1211,-1.631328,EdgeMidpoint,-1,4,anchor_probe,160,24,4,cardinal_west,-4,0,0,0,-1,0,0,-1,40.97971,0,1,0,5.399942,0,0.003125
geometry:25836914057:edge_midpoint:6,geometry:25836914057,0.0125,0.003125,156,24,2,160,90,66.1211,-1.631328,EdgeMidpoint,-1,4,anchor_probe,160,24,4,cardinal_west,-4,0,0,0,-1,0,0,-1,25.6127,0,1,0,3.000024,0,0.003125
geometry:25836914057:edge_midpoint:6,geometry:25836914057,0.003125,0.003125,156,24,2,160,90,66.1211,-1.631328,EdgeMidpoint,-1,4,anchor_probe,160,24,4,cardinal_west,-4,0,0,0,-1,0,0,-1,6.403138,0,1,0,0,1,0.003125
geometry:25836914057:edge_midpoint:6,geometry:25836914057,0.02,0.003125,160,28,2,160,90,62,-1.570796,EdgeMidpoint,-1,4,anchor_probe,160,24,4,cardinal_south,0,4,1,25836914057,-1,0,0,8.264709,8.27999,0,0,1,2.293104,0,0.003125
geometry:25836914057:edge_midpoint:6,geometry:25836914057,0.0125,0.003125,160,28,2,160,90,62,-1.570796,EdgeMidpoint,-1,4,anchor_probe,160,24,4,cardinal_south,0,4,1,25836914057,-1,0,0,8.264656,8.274985,0,0,1,2.292322,0,0.003125
geometry:25836914057:edge_midpoint:6,geometry:25836914057,0.003125,0.003125,160,28,2,160,90,62,-1.570796,EdgeMidpoint,-1,4,anchor_probe,160,24,4,cardinal_south,0,4,0,0,-1,0,0,-1,6.403192,0,1,0,0,1,0.003125
geometry:25836914057:edge_midpoint:6,geometry:25836914057,0.02,0.003125,160,20,2,160,90,70,-1.570796,EdgeMidpoint,-1,4,anchor_probe,160,24,4,cardinal_north,0,-4,0,0,-1,0,0,-1,40.98059,0,1,0,5.400116,0,0.003125
geometry:25836914057:edge_midpoint:6,geometry:25836914057,0.0125,0.003125,160,20,2,160,90,70,-1.570796,EdgeMidpoint,-1,4,anchor_probe,160,24,4,cardinal_north,0,-4,0,0,-1,0,0,-1,25.61276,0,1,0,3.000057,0,0.003125
geometry:25836914057:edge_midpoint:6,geometry:25836914057,0.003125,0.003125,160,20,2,160,90,70,-1.570796,EdgeMidpoint,-1,4,anchor_probe,160,24,4,cardinal_north,0,-4,0,0,-1,0,0,-1,6.4031,0,1,0,0,1,0.003125
geometry:25836914057:edge_midpoint:6,geometry:25836914057,0.02,0.003125,164,28,2,160,90,62.1289,-1.506369,EdgeMidpoint,-1,5.656854,anchor_probe,160,24,6,diagonal_southeast,4,4,1,25836914057,-1,0,0,8.265042,8.280015,0,0,1,2.293133,0,0.003125
geometry:25836914057:edge_midpoint:6,geometry:25836914057,0.0125,0.003125,164,28,2,160,90,62.1289,-1.506369,EdgeMidpoint,-1,5.656854,anchor_probe,160,24,6,diagonal_southeast,4,4,1,25836914057,-1,0,0,8.264992,8.27501,0,0,1,2.292351,0,0.003125
geometry:25836914057:edge_midpoint:6,geometry:25836914057,0.003125,0.003125,164,28,2,160,90,62.1289,-1.506369,EdgeMidpoint,-1,5.656854,anchor_probe,160,24,6,diagonal_southeast,4,4,0,0,-1,0,0,-1,6.403067,0,1,0,0,1,0.003125
geometry:25836914057:edge_midpoint:6,geometry:25836914057,0.02,0.003125,164,20,2,160,90,70.11419,-1.513716,EdgeMidpoint,-1,5.656854,anchor_probe,160,24,6,diagonal_northeast,4,-4,0,0,-1,0,0,-1,40.9799,0,1,0,5.399901,0,0.003125
geometry:25836914057:edge_midpoint:6,geometry:25836914057,0.0125,0.003125,164,20,2,160,90,70.11419,-1.513716,EdgeMidpoint,-1,5.656854,anchor_probe,160,24,6,diagonal_northeast,4,-4,0,0,-1,0,0,-1,25.61263,0,1,0,2.999968,0,0.003125
geometry:25836914057:edge_midpoint:6,geometry:25836914057,0.003125,0.003125,164,20,2,160,90,70.11419,-1.513716,EdgeMidpoint,-1,5.656854,anchor_probe,160,24,6,diagonal_northeast,4,-4,0,0,-1,0,0,-1,6.403208,0,1,0,0,1,0.003125
geometry:25836914057:edge_midpoint:6,geometry:25836914057,0.02,0.003125,156,28,2,160,90,62.1289,-1.635223,EdgeMidpoint,-1,5.656854,anchor_probe,160,24,6,diagonal_southwest,-4,4,1,25836914057,-1,0,0,8.264915,8.28,0,0,1,2.293129,0,0.003125
geometry:25836914057:edge_midpoint:6,geometry:25836914057,0.0125,0.003125,156,28,2,160,90,62.1289,-1.635223,EdgeMidpoint,-1,5.656854,anchor_probe,160,24,6,diagonal_southwest,-4,4,1,25836914057,-1,0,0,8.264832,8.27503,0,0,1,2.292353,0,0.003125
geometry:25836914057:edge_midpoint:6,geometry:25836914057,0.003125,0.003125,156,28,2,160,90,62.1289,-1.635223,EdgeMidpoint,-1,5.656854,anchor_probe,160,24,6,diagonal_southwest,-4,4,0,0,-1,0,0,-1,6.40307,0,1,0,0,1,0.003125
geometry:25836914057:edge_midpoint:6,geometry:25836914057,0.02,0.003125,156,20,2,160,90,70.11419,-1.627877,EdgeMidpoint,-1,5.656854,anchor_probe,160,24,6,diagonal_northwest,-4,-4,0,0,-1,0,0,-1,40.97983,0,1,0,5.399962,0,0.003125
geometry:25836914057:edge_midpoint:6,geometry:25836914057,0.0125,0.003125,156,20,2,160,90,70.11419,-1.627877,EdgeMidpoint,-1,5.656854,anchor_probe,160,24,6,diagonal_northwest,-4,-4,0,0,-1,0,0,-1,25.61234,0,1,0,2.999967,0,0.003125
geometry:25836914057:edge_midpoint:6,geometry:25836914057,0.003125,0.003125,156,20,2,160,90,70.11419,-1.627877,EdgeMidpoint,-1,5.656854,anchor_probe,160,24,6,diagonal_northwest,-4,-4,0,0,-1,0,0,-1,6.403136,0,1,0,0,1,0.003125
geometry:25836914057:edge_midpoint:6,geometry:25836914057,0.02,0.003125,168,24,2,160,90,66.48308,-1.450173,EdgeMidpoint,-1,8,anchor_probe,160,24,8,cardinal_east,8,0,0,0,-1,0,0,-1,40.98058,0,1,0,5.400123,0,0.003125
geometry:25836914057:edge_midpoint:6,geometry:25836914057,0.0125,0.003125,168,24,2,160,90,66.48308,-1.450173,EdgeMidpoint,-1,8,anchor_probe,160,24,8,cardinal_east,8,0,0,0,-1,0,0,-1,25.61237,0,1,0,3,0,0.003125
geometry:25836914057:edge_midpoint:6,geometry:25836914057,0.003125,0.003125,168,24,2,160,90,66.48308,-1.450173,EdgeMidpoint,-1,8,anchor_probe,160,24,8,cardinal_east,8,0,0,0,-1,0,0,-1,6.403093,0,1,0,0,1,0.003125
geometry:25836914057:edge_midpoint:6,geometry:25836914057,0.02,0.003125,152,24,2,160,90,66.48308,-1.69142,EdgeMidpoint,-1,8,anchor_probe,160,24,8,cardinal_west,-8,0,0,0,-1,0,0,-1,40.97993,0,1,0,5.399917,0,0.003125
geometry:25836914057:edge_midpoint:6,geometry:25836914057,0.0125,0.003125,152,24,2,160,90,66.48308,-1.69142,EdgeMidpoint,-1,8,anchor_probe,160,24,8,cardinal_west,-8,0,0,0,-1,0,0,-1,25.61257,0,1,0,2.999967,0,0.003125
geometry:25836914057:edge_midpoint:6,geometry:25836914057,0.003125,0.003125,152,24,2,160,90,66.48308,-1.69142,EdgeMidpoint,-1,8,anchor_probe,160,24,8,cardinal_west,-8,0,0,0,-1,0,0,-1,6.403196,0,1,0,0,1,0.003125
geometry:25836914057:edge_midpoint:6,geometry:25836914057,0.02,0.003125,160,32,2,160,90,58,-1.570796,EdgeMidpoint,-1,8,anchor_probe,160,24,8,cardinal_south,0,8,1,25836914057,-1,0,0,8.237373,8.239998,0,0,1,2.28688,0,0.003125
geometry:25836914057:edge_midpoint:6,geometry:25836914057,0.0125,0.003125,160,32,2,160,90,58,-1.570796,EdgeMidpoint,-1,8,anchor_probe,160,24,8,cardinal_south,0,8,1,25836914057,-1,0,0,8.237344,8.237476,0,0,1,2.286486,0,0.003125
geometry:25836914057:edge_midpoint:6,geometry:25836914057,0.003125,0.003125,160,32,2,160,90,58,-1.570796,EdgeMidpoint,-1,8,anchor_probe,160,24,8,cardinal_south,0,8,0,0,-1,0,0,-1,6.403081,0,1,0,0,1,0.003125
geometry:25836914057:edge_midpoint:6,geometry:25836914057,0.02,0.003125,160,16,2,160,90,74,-1.570796,EdgeMidpoint,-1,8,anchor_probe,160,24,8,cardinal_north,0,-8,0,0,-1,0,0,-1,40.97933,0,1,0,5.399843,0,0.003125
geometry:25836914057:edge_midpoint:6,geometry:25836914057,0.0125,0.003125,160,16,2,160,90,74,-1.570796,EdgeMidpoint,-1,8,anchor_probe,160,24,8,cardinal_north,0,-8,0,0,-1,0,0,-1,25.61271,0,1,0,3,0,0.003125
geometry:25836914057:edge_midpoint:6,geometry:25836914057,0.003125,0.003125,160,16,2,160,90,74,-1.570796,EdgeMidpoint,-1,8,anchor_probe,160,24,8,cardinal_north,0,-8,0,0,-1,0,0,-1,6.403178,0,1,0,0,1,0.003125
geometry:25836914057:edge_midpoint:6,geometry:25836914057,0.02,0.003125,168,32,2,160,90,58.54913,-1.43373,EdgeMidpoint,-1,11.31371,anchor_probe,160,24,11,diagonal_southeast,8,8,1,25836914057,-1,0,0,8.238681,8.239997,0,0,1,2.286876,0,0.003125
geometry:25836914057:edge_midpoint:6,geometry:25836914057,0.0125,0.003125,168,32,2,160,90,58.54913,-1.43373,EdgeMidpoint,-1,11.31371,anchor_probe,160,24,11,diagonal_southeast,8,8,1,25836914057,-1,0,0,8.238639,8.249988,0,0,1,2.288436,0,0.003125
geometry:25836914057:edge_midpoint:6,geometry:25836914057,0.003125,0.003125,168,32,2,160,90,58.54913,-1.43373,EdgeMidpoint,-1,11.31371,anchor_probe,160,24,11,diagonal_southeast,8,8,0,0,-1,0,0,-1,6.403101,0,1,0,0,1,0.003125
geometry:25836914057:edge_midpoint:6,geometry:25836914057,0.02,0.003125,168,16,2,160,90,74.43118,-1.463106,EdgeMidpoint,-1,11.31371,anchor_probe,160,24,11,diagonal_northeast,8,-8,0,0,-1,0,0,-1,40.9801,0,1,0,5.399989,0,0.003125
geometry:25836914057:edge_midpoint:6,geometry:25836914057,0.0125,0.003125,168,16,2,160,90,74.43118,-1.463106,EdgeMidpoint,-1,11.31371,anchor_probe,160,24,11,diagonal_northeast,8,-8,0,0,-1,0,0,-1,25.61261,0,1,0,3,0,0.003125
geometry:25836914057:edge_midpoint:6,geometry:25836914057,0.003125,0.003125,168,16,2,160,90,74.43118,-1.463106,EdgeMidpoint,-1,11.31371,anchor_probe,160,24,11,diagonal_northeast,8,-8,0,0,-1,0,0,-1,6.403152,0,1,0,0,1,0.003125
geometry:25836914057:edge_midpoint:6,geometry:25836914057,0.02,0.003125,152,32,2,160,90,58.54913,-1.707862,EdgeMidpoint,-1,11.31371,anchor_probe,160,24,11,diagonal_southwest,-8,8,1,25836914057,-1,0,0,8.238382,8.240005,0,0,1,2.286858,0,0.003125
geometry:25836914057:edge_midpoint:6,geometry:25836914057,0.0125,0.003125,152,32,2,160,90,58.54913,-1.707862,EdgeMidpoint,-1,11.31371,anchor_probe,160,24,11,diagonal_southwest,-8,8,1,25836914057,-1,0,0,8.238345,8.249992,0,0,1,2.288418,0,0.003125
geometry:25836914057:edge_midpoint:6,geometry:25836914057,0.003125,0.003125,152,32,2,160,90,58.54913,-1.707862,EdgeMidpoint,-1,11.31371,anchor_probe,160,24,11,diagonal_southwest,-8,8,0,0,-1,0,0,-1,6.403197,0,1,0,0,1,0.003125
geometry:25836914057:edge_midpoint:6,geometry:25836914057,0.02,0.003125,152,16,2,160,90,74.43118,-1.678486,EdgeMidpoint,-1,11.31371,anchor_probe,160,24,11,diagonal_northwest,-8,-8,0,0,-1,0,0,-1,40.98018,0,1,0,5.400061,0,0.003125
geometry:25836914057:edge_midpoint:6,geometry:25836914057,0.0125,0.003125,152,16,2,160,90,74.43118,-1.678486,EdgeMidpoint,-1,11.31371,anchor_probe,160,24,11,diagonal_northwest,-8,-8,0,0,-1,0,0,-1,25.61222,0,1,0,2.999976,0,0.003125
geometry:25836914057:edge_midpoint:6,geometry:25836914057,0.003125,0.003125,152,16,2,160,90,74.43118,-1.678486,EdgeMidpoint,-1,11.31371,anchor_probe,160,24,11,diagonal_northwest,-8,-8,0,0,-1,0,0,-1,6.403092,0,1,0,0,1,0.003125
geometry:25836914057:edge_midpoint:6,geometry:25836914057,0.02,0.003125,157,20,2,160,90,70.06425,-1.613627,EdgeMidpoint,-1,5,anchor_probe,160,24,5,diagonal_northwest,-3,-4,0,0,-1,0,0,-1,40.98093,0,1,0,5.400108,0,0.003125
geometry:25836914057:edge_midpoint:6,geometry:25836914057,0.0125,0.003125,157,20,2,160,90,70.06425,-1.613627,EdgeMidpoint,-1,5,anchor_probe,160,24,5,diagonal_northwest,-3,-4,0,0,-1,0,0,-1,25.61228,0,1,0,2.999943,0,0.003125
geometry:25836914057:edge_midpoint:6,geometry:25836914057,0.003125,0.003125,157,20,2,160,90,70.06425,-1.613627,EdgeMidpoint,-1,5,anchor_probe,160,24,5,diagonal_northwest,-3,-4,0,0,-1,0,0,-1,6.403162,0,1,0,0,1,0.003125
geometry:25836914057:edge_midpoint:6,geometry:25836914057,0.02,0.003125,158,20,2,160,90,70.02856,-1.59936,EdgeMidpoint,-1,4.472136,anchor_probe,160,24,4,diagonal_northwest,-2,-4,0,0,-1,0,0,-1,40.98066,0,1,0,5.400112,0,0.003125
geometry:25836914057:edge_midpoint:6,geometry:25836914057,0.0125,0.003125,158,20,2,160,90,70.02856,-1.59936,EdgeMidpoint,-1,4.472136,anchor_probe,160,24,4,diagonal_northwest,-2,-4,0,0,-1,0,0,-1,25.6121,0,1,0,2.999943,0,0.003125
geometry:25836914057:edge_midpoint:6,geometry:25836914057,0.003125,0.003125,158,20,2,160,90,70.02856,-1.59936,EdgeMidpoint,-1,4.472136,anchor_probe,160,24,4,diagonal_northwest,-2,-4,0,0,-1,0,0,-1,6.403116,0,1,0,0,1,0.003125
geometry:25836914057:edge_midpoint:6,geometry:25836914057,0.02,0.003125,159,20,2,160,90,70.00714,-1.585081,EdgeMidpoint,-1,4.123106,anchor_probe,160,24,4,diagonal_northwest,-1,-4,0,0,-1,0,0,-1,40.98059,0,1,0,5.400116,0,0.003125
geometry:25836914057:edge_midpoint:6,geometry:25836914057,0.0125,0.003125,159,20,2,160,90,70.00714,-1.585081,EdgeMidpoint,-1,4.123106,anchor_probe,160,24,4,diagonal_northwest,-1,-4,0,0,-1,0,0,-1,25.61276,0,1,0,3.000057,0,0.003125
geometry:25836914057:edge_midpoint:6,geometry:25836914057,0.003125,0.003125,159,20,2,160,90,70.00714,-1.585081,EdgeMidpoint,-1,4.123106,anchor_probe,160,24,4,diagonal_northwest,-1,-4,0,0,-1,0,0,-1,6.4031,0,1,0,0,1,0.003125
geometry:25836914057:edge_midpoint:6,geometry:25836914057,0.02,0.003125,161,20,2,160,90,70.00714,-1.556512,EdgeMidpoint,-1,4.123106,anchor_probe,160,24,4,diagonal_northeast,1,-4,0,0,-1,0,0,-1,40.98066,0,1,0,5.400112,0,0.003125
geometry:25836914057:edge_midpoint:6,geometry:25836914057,0.0125,0.003125,161,20,2,160,90,70.00714,-1.556512,EdgeMidpoint,-1,4.123106,anchor_probe,160,24,4,diagonal_northeast,1,-4,0,0,-1,0,0,-1,25.6121,0,1,0,2.999943,0,0.003125
geometry:25836914057:edge_midpoint:6,geometry:25836914057,0.003125,0.003125,161,20,2,160,90,70.00714,-1.556512,EdgeMidpoint,-1,4.123106,anchor_probe,160,24,4,diagonal_northeast,1,-4,0,0,-1,0,0,-1,6.403116,0,1,0,0,1,0.003125
geometry:25836914057:edge_midpoint:6,geometry:25836914057,0.02,0.003125,162,20,2,160,90,70.02856,-1.542233,EdgeMidpoint,-1,4.472136,anchor_probe,160,24,4,diagonal_northeast,2,-4,0,0,-1,0,0,-1,40.98093,0,1,0,5.400108,0,0.003125
geometry:25836914057:edge_midpoint:6,geometry:25836914057,0.0125,0.003125,162,20,2,160,90,70.02856,-1.542233,EdgeMidpoint,-1,4.472136,anchor_probe,160,24,4,diagonal_northeast,2,-4,0,0,-1,0,0,-1,25.61228,0,1,0,2.999943,0,0.003125
geometry:25836914057:edge_midpoint:6,geometry:25836914057,0.003125,0.003125,162,20,2,160,90,70.02856,-1.542233,EdgeMidpoint,-1,4.472136,anchor_probe,160,24,4,diagonal_northeast,2,-4,0,0,-1,0,0,-1,6.403162,0,1,0,0,1,0.003125
geometry:25836914057:edge_midpoint:6,geometry:25836914057,0.02,0.003125,163,20,2,160,90,70.06425,-1.527965,EdgeMidpoint,-1,5,anchor_probe,160,24,5,diagonal_northeast,3,-4,0,0,-1,0,0,-1,40.97983,0,1,0,5.399962,0,0.003125
geometry:25836914057:edge_midpoint:6,geometry:25836914057,0.0125,0.003125,163,20,2,160,90,70.06425,-1.527965,EdgeMidpoint,-1,5,anchor_probe,160,24,5,diagonal_northeast,3,-4,0,0,-1,0,0,-1,25.61234,0,1,0,2.999967,0,0.003125
geometry:25836914057:edge_midpoint:6,geometry:25836914057,0.003125,0.003125,163,20,2,160,90,70.06425,-1.527965,EdgeMidpoint,-1,5,anchor_probe,160,24,5,diagonal_northeast,3,-4,0,0,-1,0,0,-1,6.403136,0,1,0,0,1,0.003125
geometry:25836914057:edge_midpoint:6,geometry:25836914057,0.02,0.003125,156,21,2,160,90,69.11584,-1.628703,EdgeMidpoint,-1,5,anchor_probe,160,24,5,diagonal_northwest,-4,-3,0,0,-1,0,0,-1,40.9798,0,1,0,5.399951,0,0.003125
geometry:25836914057:edge_midpoint:6,geometry:25836914057,0.0125,0.003125,156,21,2,160,90,69.11584,-1.628703,EdgeMidpoint,-1,5,anchor_probe,160,24,5,diagonal_northwest,-4,-3,0,0,-1,0,0,-1,25.61236,0,1,0,2.999967,0,0.003125
geometry:25836914057:edge_midpoint:6,geometry:25836914057,0.003125,0.003125,156,21,2,160,90,69.11584,-1.628703,EdgeMidpoint,-1,5,anchor_probe,160,24,5,diagonal_northwest,-4,-3,0,0,-1,0,0,-1,6.403143,0,1,0,0,1,0.003125
geometry:25836914057:edge_midpoint:6,geometry:25836914057,0.02,0.003125,157,21,2,160,90,69.06519,-1.614247,EdgeMidpoint,-1,4.24264,anchor_probe,160,24,4,diagonal_northwest,-3,-3,0,0,-1,0,0,-1,40.98009,0,1,0,5.399963,0,0.003125
geometry:25836914057:edge_midpoint:6,geometry:25836914057,0.0125,0.003125,157,21,2,160,90,69.06519,-1.614247,EdgeMidpoint,-1,4.24264,anchor_probe,160,24,4,diagonal_northwest,-3,-3,0,0,-1,0,0,-1,25.61234,0,1,0,2.999944,0,0.003125
geometry:25836914057:edge_midpoint:6,geometry:25836914057,0.003125,0.003125,157,21,2,160,90,69.06519,-1.614247,EdgeMidpoint,-1,4.24264,anchor_probe,160,24,4,diagonal_northwest,-3,-3,0,0,-1,0,0,-1,6.403176,0,1,0,0,1,0.003125
geometry:25836914057:edge_midpoint:6,geometry:25836914057,0.02,0.003125,158,21,2,160,90,69.02898,-1.599774,EdgeMidpoint,-1,3.605551,anchor_probe,160,24,4,diagonal_northwest,-2,-3,0,0,-1,0,0,-1,40.97988,0,1,0,5.399957,0,0.003125
geometry:25836914057:edge_midpoint:6,geometry:25836914057,0.0125,0.003125,158,21,2,160,90,69.02898,-1.599774,EdgeMidpoint,-1,3.605551,anchor_probe,160,24,4,diagonal_northwest,-2,-3,0,0,-1,0,0,-1,25.61223,0,1,0,2.999943,0,0.003125
geometry:25836914057:edge_midpoint:6,geometry:25836914057,0.003125,0.003125,158,21,2,160,90,69.02898,-1.599774,EdgeMidpoint,-1,3.605551,anchor_probe,160,24,4,diagonal_northwest,-2,-3,0,0,-1,0,0,-1,6.403149,0,1,0,0,1,0.003125
geometry:25836914057:edge_midpoint:6,geometry:25836914057,0.02,0.003125,159,21,2,160,90,69.00725,-1.585288,EdgeMidpoint,-1,3.162278,anchor_probe,160,24,3,diagonal_northwest,-1,-3,0,0,-1,0,0,-1,40.97976,0,1,0,5.399964,0,0.003125
geometry:25836914057:edge_midpoint:6,geometry:25836914057,0.0125,0.003125,159,21,2,160,90,69.00725,-1.585288,EdgeMidpoint,-1,3.162278,anchor_probe,160,24,3,diagonal_northwest,-1,-3,0,0,-1,0,0,-1,25.61286,0,1,0,3.000057,0,0.003125
geometry:25836914057:edge_midpoint:6,geometry:25836914057,0.003125,0.003125,159,21,2,160,90,69.00725,-1.585288,EdgeMidpoint,-1,3.162278,anchor_probe,160,24,3,diagonal_northwest,-1,-3,0,0,-1,0,0,-1,6.403123,0,1,0,0,1,0.003125
geometry:25836914057:edge_midpoint:6,geometry:25836914057,0.02,0.003125,160,21,2,160,90,69,-1.570796,EdgeMidpoint,-1,3,anchor_probe,160,24,3,cardinal_north,0,-3,0,0,-1,0,0,-1,40.97976,0,1,0,5.399964,0,0.003125
geometry:25836914057:edge_midpoint:6,geometry:25836914057,0.0125,0.003125,160,21,2,160,90,69,-1.570796,EdgeMidpoint,-1,3,anchor_probe,160,24,3,cardinal_north,0,-3,0,0,-1,0,0,-1,25.61286,0,1,0,3.000057,0,0.003125
geometry:25836914057:edge_midpoint:6,geometry:25836914057,0.003125,0.003125,160,21,2,160,90,69,-1.570796,EdgeMidpoint,-1,3,anchor_probe,160,24,3,cardinal_north,0,-3,0,0,-1,0,0,-1,6.403123,0,1,0,0,1,0.003125
geometry:25836914057:edge_midpoint:6,geometry:25836914057,0.02,0.003125,161,21,2,160,90,69.00725,-1.556305,EdgeMidpoint,-1,3.162278,anchor_probe,160,24,3,diagonal_northeast,1,-3,0,0,-1,0,0,-1,40.97988,0,1,0,5.399957,0,0.003125
geometry:25836914057:edge_midpoint:6,geometry:25836914057,0.0125,0.003125,161,21,2,160,90,69.00725,-1.556305,EdgeMidpoint,-1,3.162278,anchor_probe,160,24,3,diagonal_northeast,1,-3,0,0,-1,0,0,-1,25.61223,0,1,0,2.999943,0,0.003125
geometry:25836914057:edge_midpoint:6,geometry:25836914057,0.003125,0.003125,161,21,2,160,90,69.00725,-1.556305,EdgeMidpoint,-1,3.162278,anchor_probe,160,24,3,diagonal_northeast,1,-3,0,0,-1,0,0,-1,6.403149,0,1,0,0,1,0.003125
geometry:25836914057:edge_midpoint:6,geometry:25836914057,0.02,0.003125,162,21,2,160,90,69.02898,-1.541819,EdgeMidpoint,-1,3.605551,anchor_probe,160,24,4,diagonal_northeast,2,-3,0,0,-1,0,0,-1,40.98009,0,1,0,5.399963,0,0.003125
geometry:25836914057:edge_midpoint:6,geometry:25836914057,0.0125,0.003125,162,21,2,160,90,69.02898,-1.541819,EdgeMidpoint,-1,3.605551,anchor_probe,160,24,4,diagonal_northeast,2,-3,0,0,-1,0,0,-1,25.61234,0,1,0,2.999944,0,0.003125
geometry:25836914057:edge_midpoint:6,geometry:25836914057,0.003125,0.003125,162,21,2,160,90,69.02898,-1.541819,EdgeMidpoint,-1,3.605551,anchor_probe,160,24,4,diagonal_northeast,2,-3,0,0,-1,0,0,-1,6.403176,0,1,0,0,1,0.003125
geometry:25836914057:edge_midpoint:6,geometry:25836914057,0.02,0.003125,163,21,2,160,90,69.06519,-1.527345,EdgeMidpoint,-1,4.24264,anchor_probe,160,24,4,diagonal_northeast,3,-3,0,0,-1,0,0,-1,40.9798,0,1,0,5.399951,0,0.003125
geometry:25836914057:edge_midpoint:6,geometry:25836914057,0.0125,0.003125,163,21,2,160,90,69.06519,-1.527345,EdgeMidpoint,-1,4.24264,anchor_probe,160,24,4,diagonal_northeast,3,-3,0,0,-1,0,0,-1,25.61236,0,1,0,2.999967,0,0.003125
geometry:25836914057:edge_midpoint:6,geometry:25836914057,0.003125,0.003125,163,21,2,160,90,69.06519,-1.527345,EdgeMidpoint,-1,4.24264,anchor_probe,160,24,4,diagonal_northeast,3,-3,0,0,-1,0,0,-1,6.403143,0,1,0,0,1,0.003125
geometry:25836914057:edge_midpoint:6,geometry:25836914057,0.02,0.003125,164,21,2,160,90,69.11584,-1.51289,EdgeMidpoint,-1,5,anchor_probe,160,24,5,diagonal_northeast,4,-3,0,0,-1,0,0,-1,40.98024,0,1,0,5.400113,0,0.003125
geometry:25836914057:edge_midpoint:6,geometry:25836914057,0.0125,0.003125,164,21,2,160,90,69.11584,-1.51289,EdgeMidpoint,-1,5,anchor_probe,160,24,5,diagonal_northeast,4,-3,0,0,-1,0,0,-1,25.61205,0,1,0,2.999976,0,0.003125
geometry:25836914057:edge_midpoint:6,geometry:25836914057,0.003125,0.003125,164,21,2,160,90,69.11584,-1.51289,EdgeMidpoint,-1,5,anchor_probe,160,24,5,diagonal_northeast,4,-3,0,0,-1,0,0,-1,6.40305,0,1,0,0,1,0.003125
geometry:25836914057:edge_midpoint:6,geometry:25836914057,0.02,0.003125,156,22,2,160,90,68.11755,-1.629552,EdgeMidpoint,-1,4.472136,anchor_probe,160,24,4,diagonal_northwest,-4,-2,0,0,-1,0,0,-1,40.97935,0,1,0,5.399811,0,0.003125
geometry:25836914057:edge_midpoint:6,geometry:25836914057,0.0125,0.003125,156,22,2,160,90,68.11755,-1.629552,EdgeMidpoint,-1,4.472136,anchor_probe,160,24,4,diagonal_northwest,-4,-2,0,0,-1,0,0,-1,25.61264,0,1,0,2.999967,0,0.003125
geometry:25836914057:edge_midpoint:6,geometry:25836914057,0.003125,0.003125,156,22,2,160,90,68.11755,-1.629552,EdgeMidpoint,-1,4.472136,anchor_probe,160,24,4,diagonal_northwest,-4,-2,0,0,-1,0,0,-1,6.403214,0,1,0,0,1,0.003125
geometry:25836914057:edge_midpoint:6,geometry:25836914057,0.02,0.003125,157,22,2,160,90,68.06615,-1.614885,EdgeMidpoint,-1,3.605551,anchor_probe,160,24,4,diagonal_northwest,-3,-2,0,0,-1,0,0,-1,40.98045,0,1,0,5.400032,0,0.003125
geometry:25836914057:edge_midpoint:6,geometry:25836914057,0.0125,0.003125,157,22,2,160,90,68.06615,-1.614885,EdgeMidpoint,-1,3.605551,anchor_probe,160,24,4,diagonal_northwest,-3,-2,0,0,-1,0,0,-1,25.61244,0,1,0,2.999966,0,0.003125
geometry:25836914057:edge_midpoint:6,geometry:25836914057,0.003125,0.003125,157,22,2,160,90,68.06615,-1.614885,EdgeMidpoint,-1,3.605551,anchor_probe,160,24,4,diagonal_northwest,-3,-2,0,0,-1,0,0,-1,6.403164,0,1,0,0,1,0.003125
geometry:25836914057:edge_midpoint:6,geometry:25836914057,0.02,0.003125,159,22,2,160,90,68.00735,-1.585501,EdgeMidpoint,-1,2.236068,anchor_probe,160,24,2,diagonal_northwest,-1,-2,0,0,-1,0,0,-1,40.98021,0,1,0,5.399986,0,0.003125
geometry:25836914057:edge_midpoint:6,geometry:25836914057,0.0125,0.003125,159,22,2,160,90,68.00735,-1.585501,EdgeMidpoint,-1,2.236068,anchor_probe,160,24,2,diagonal_northwest,-1,-2,0,0,-1,0,0,-1,25.61232,0,1,0,2.999943,0,0.003125
geometry:25836914057:edge_midpoint:6,geometry:25836914057,0.003125,0.003125,159,22,2,160,90,68.00735,-1.585501,EdgeMidpoint,-1,2.236068,anchor_probe,160,24,2,diagonal_northwest,-1,-2,0,0,-1,0,0,-1,6.403173,0,1,0,0,1,0.003125
geometry:25836914057:edge_midpoint:6,geometry:25836914057,0.02,0.003125,161,22,2,160,90,68.00735,-1.556092,EdgeMidpoint,-1,2.236068,anchor_probe,160,24,2,diagonal_northeast,1,-2,0,0,-1,0,0,-1,40.98027,0,1,0,5.399974,0,0.003125
geometry:25836914057:edge_midpoint:6,geometry:25836914057,0.0125,0.003125,161,22,2,160,90,68.00735,-1.556092,EdgeMidpoint,-1,2.236068,anchor_probe,160,24,2,diagonal_northeast,1,-2,0,0,-1,0,0,-1,25.61241,0,1,0,2.999943,0,0.003125
geometry:25836914057:edge_midpoint:6,geometry:25836914057,0.003125,0.003125,161,22,2,160,90,68.00735,-1.556092,EdgeMidpoint,-1,2.236068,anchor_probe,160,24,2,diagonal_northeast,1,-2,0,0,-1,0,0,-1,6.403193,0,1,0,0,1,0.003125
geometry:25836914057:edge_midpoint:6,geometry:25836914057,0.02,0.003125,163,22,2,160,90,68.06615,-1.526707,EdgeMidpoint,-1,3.605551,anchor_probe,160,24,4,diagonal_northeast,3,-2,0,0,-1,0,0,-1,40.97935,0,1,0,5.399811,0,0.003125
geometry:25836914057:edge_midpoint:6,geometry:25836914057,0.0125,0.003125,163,22,2,160,90,68.06615,-1.526707,EdgeMidpoint,-1,3.605551,anchor_probe,160,24,4,diagonal_northeast,3,-2,0,0,-1,0,0,-1,25.61264,0,1,0,2.999967,0,0.003125
geometry:25836914057:edge_midpoint:6,geometry:25836914057,0.003125,0.003125,163,22,2,160,90,68.06615,-1.526707,EdgeMidpoint,-1,3.605551,anchor_probe,160,24,4,diagonal_northeast,3,-2,0,0,-1,0,0,-1,6.403214,0,1,0,0,1,0.003125
geometry:25836914057:edge_midpoint:6,geometry:25836914057,0.02,0.003125,164,22,2,160,90,68.11755,-1.51204,EdgeMidpoint,-1,4.472136,anchor_probe,160,24,4,diagonal_northeast,4,-2,0,0,-1,0,0,-1,40.97944,0,1,0,5.399942,0,0.003125
geometry:25836914057:edge_midpoint:6,geometry:25836914057,0.0125,0.003125,164,22,2,160,90,68.11755,-1.51204,EdgeMidpoint,-1,4.472136,anchor_probe,160,24,4,diagonal_northeast,4,-2,0,0,-1,0,0,-1,25.61223,0,1,0,2.999976,0,0.003125
geometry:25836914057:edge_midpoint:6,geometry:25836914057,0.003125,0.003125,164,22,2,160,90,68.11755,-1.51204,EdgeMidpoint,-1,4.472136,anchor_probe,160,24,4,diagonal_northeast,4,-2,0,0,-1,0,0,-1,6.403096,0,1,0,0,1,0.003125
geometry:25836914057:edge_midpoint:6,geometry:25836914057,0.02,0.003125,156,23,2,160,90,67.11929,-1.630427,EdgeMidpoint,-1,4.123106,anchor_probe,160,24,4,diagonal_northwest,-4,-1,0,0,-1,0,0,-1,40.98064,0,1,0,5.40016,0,0.003125
geometry:25836914057:edge_midpoint:6,geometry:25836914057,0.0125,0.003125,156,23,2,160,90,67.11929,-1.630427,EdgeMidpoint,-1,4.123106,anchor_probe,160,24,4,diagonal_northwest,-4,-1,0,0,-1,0,0,-1,25.61226,0,1,0,3,0,0.003125
geometry:25836914057:edge_midpoint:6,geometry:25836914057,0.003125,0.003125,156,23,2,160,90,67.11929,-1.630427,EdgeMidpoint,-1,4.123106,anchor_probe,160,24,4,diagonal_northwest,-4,-1,0,0,-1,0,0,-1,6.403064,0,1,0,0,1,0.003125
geometry:25836914057:edge_midpoint:6,geometry:25836914057,0.02,0.003125,157,23,2,160,90,67.06713,-1.615543,EdgeMidpoint,-1,3.162278,anchor_probe,160,24,3,diagonal_northwest,-3,-1,0,0,-1,0,0,-1,40.98039,0,1,0,5.400117,0,0.003125
geometry:25836914057:edge_midpoint:6,geometry:25836914057,0.0125,0.003125,157,23,2,160,90,67.06713,-1.615543,EdgeMidpoint,-1,3.162278,anchor_probe,160,24,3,diagonal_northwest,-3,-1,0,0,-1,0,0,-1,25.61213,0,1,0,2.999976,0,0.003125
geometry:25836914057:edge_midpoint:6,geometry:25836914057,0.003125,0.003125,157,23,2,160,90,67.06713,-1.615543,EdgeMidpoint,-1,3.162278,anchor_probe,160,24,3,diagonal_northwest,-3,-1,0,0,-1,0,0,-1,6.403069,0,1,0,0,1,0.003125
geometry:25836914057:edge_midpoint:6,geometry:25836914057,0.02,0.003125,158,23,2,160,90,67.02985,-1.600638,EdgeMidpoint,-1,2.236068,anchor_probe,160,24,2,diagonal_northwest,-2,-1,0,0,-1,0,0,-1,40.98013,0,1,0,5.400082,0,0.003125
geometry:25836914057:edge_midpoint:6,geometry:25836914057,0.0125,0.003125,158,23,2,160,90,67.02985,-1.600638,EdgeMidpoint,-1,2.236068,anchor_probe,160,24,2,diagonal_northwest,-2,-1,0,0,-1,0,0,-1,25.6121,0,1,0,2.999976,0,0.003125
geometry:25836914057:edge_midpoint:6,geometry:25836914057,0.003125,0.003125,158,23,2,160,90,67.02985,-1.600638,EdgeMidpoint,-1,2.236068,anchor_probe,160,24,2,diagonal_northwest,-2,-1,0,0,-1,0,0,-1,6.403064,0,1,0,0,1,0.003125
geometry:25836914057:edge_midpoint:6,geometry:25836914057,0.02,0.003125,159,23,2,160,90,67.00746,-1.585721,EdgeMidpoint,-1,1.414214,anchor_probe,160,24,1,diagonal_northwest,-1,-1,0,0,-1,0,0,-1,40.97997,0,1,0,5.399915,0,0.003125
geometry:25836914057:edge_midpoint:6,geometry:25836914057,0.0125,0.003125,159,23,2,160,90,67.00746,-1.585721,EdgeMidpoint,-1,1.414214,anchor_probe,160,24,1,diagonal_northwest,-1,-1,0,0,-1,0,0,-1,25.61261,0,1,0,2.999967,0,0.003125
geometry:25836914057:edge_midpoint:6,geometry:25836914057,0.003125,0.003125,159,23,2,160,90,67.00746,-1.585721,EdgeMidpoint,-1,1.414214,anchor_probe,160,24,1,diagonal_northwest,-1,-1,0,0,-1,0,0,-1,6.403206,0,1,0,0,1,0.003125
geometry:25836914057:edge_midpoint:6,geometry:25836914057,0.02,0.003125,160,23,2,160,90,67,-1.570796,EdgeMidpoint,-1,1,anchor_probe,160,24,1,cardinal_north,0,-1,0,0,-1,0,0,-1,40.97997,0,1,0,5.399915,0,0.003125
geometry:25836914057:edge_midpoint:6,geometry:25836914057,0.0125,0.003125,160,23,2,160,90,67,-1.570796,EdgeMidpoint,-1,1,anchor_probe,160,24,1,cardinal_north,0,-1,0,0,-1,0,0,-1,25.61261,0,1,0,2.999967,0,0.003125
geometry:25836914057:edge_midpoint:6,geometry:25836914057,0.003125,0.003125,160,23,2,160,90,67,-1.570796,EdgeMidpoint,-1,1,anchor_probe,160,24,1,cardinal_north,0,-1,0,0,-1,0,0,-1,6.403206,0,1,0,0,1,0.003125
geometry:25836914057:edge_midpoint:6,geometry:25836914057,0.02,0.003125,161,23,2,160,90,67.00746,-1.555872,EdgeMidpoint,-1,1.414214,anchor_probe,160,24,1,diagonal_northeast,1,-1,0,0,-1,0,0,-1,40.98013,0,1,0,5.400082,0,0.003125
geometry:25836914057:edge_midpoint:6,geometry:25836914057,0.0125,0.003125,161,23,2,160,90,67.00746,-1.555872,EdgeMidpoint,-1,1.414214,anchor_probe,160,24,1,diagonal_northeast,1,-1,0,0,-1,0,0,-1,25.6121,0,1,0,2.999976,0,0.003125
geometry:25836914057:edge_midpoint:6,geometry:25836914057,0.003125,0.003125,161,23,2,160,90,67.00746,-1.555872,EdgeMidpoint,-1,1.414214,anchor_probe,160,24,1,diagonal_northeast,1,-1,0,0,-1,0,0,-1,6.403064,0,1,0,0,1,0.003125
geometry:25836914057:edge_midpoint:6,geometry:25836914057,0.02,0.003125,162,23,2,160,90,67.02985,-1.540954,EdgeMidpoint,-1,2.236068,anchor_probe,160,24,2,diagonal_northeast,2,-1,0,0,-1,0,0,-1,40.98039,0,1,0,5.400117,0,0.003125
geometry:25836914057:edge_midpoint:6,geometry:25836914057,0.0125,0.003125,162,23,2,160,90,67.02985,-1.540954,EdgeMidpoint,-1,2.236068,anchor_probe,160,24,2,diagonal_northeast,2,-1,0,0,-1,0,0,-1,25.61213,0,1,0,2.999976,0,0.003125
geometry:25836914057:edge_midpoint:6,geometry:25836914057,0.003125,0.003125,162,23,2,160,90,67.02985,-1.540954,EdgeMidpoint,-1,2.236068,anchor_probe,160,24,2,diagonal_northeast,2,-1,0,0,-1,0,0,-1,6.403069,0,1,0,0,1,0.003125
geometry:25836914057:edge_midpoint:6,geometry:25836914057,0.02,0.003125,163,23,2,160,90,67.06713,-1.52605,EdgeMidpoint,-1,3.162278,anchor_probe,160,24,3,diagonal_northeast,3,-1,0,0,-1,0,0,-1,40.98064,0,1,0,5.40016,0,0.003125
geometry:25836914057:edge_midpoint:6,geometry:25836914057,0.0125,0.003125,163,23,2,160,90,67.06713,-1.52605,EdgeMidpoint,-1,3.162278,anchor_probe,160,24,3,diagonal_northeast,3,-1,0,0,-1,0,0,-1,25.61226,0,1,0,3,0,0.003125
geometry:25836914057:edge_midpoint:6,geometry:25836914057,0.003125,0.003125,163,23,2,160,90,67.06713,-1.52605,EdgeMidpoint,-1,3.162278,anchor_probe,160,24,3,diagonal_northeast,3,-1,0,0,-1,0,0,-1,6.403064,0,1,0,0,1,0.003125
geometry:25836914057:edge_midpoint:6,geometry:25836914057,0.02,0.003125,164,23,2,160,90,67.11929,-1.511166,EdgeMidpoint,-1,4.123106,anchor_probe,160,24,4,diagonal_northeast,4,-1,0,0,-1,0,0,-1,40.98072,0,1,0,5.400102,0,0.003125
geometry:25836914057:edge_midpoint:6,geometry:25836914057,0.0125,0.003125,164,23,2,160,90,67.11929,-1.511166,EdgeMidpoint,-1,4.123106,anchor_probe,160,24,4,diagonal_northeast,4,-1,0,0,-1,0,0,-1,25.61254,0,1,0,3,0,0.003125
geometry:25836914057:edge_midpoint:6,geometry:25836914057,0.003125,0.003125,164,23,2,160,90,67.11929,-1.511166,EdgeMidpoint,-1,4.123106,anchor_probe,160,24,4,diagonal_northeast,4,-1,0,0,-1,0,0,-1,6.403136,0,1,0,0,1,0.003125
geometry:25836914057:edge_midpoint:6,geometry:25836914057,0.02,0.003125,157,24,2,160,90,66.06815,-1.61622,EdgeMidpoint,-1,3,anchor_probe,160,24,3,cardinal_west,-3,0,0,0,-1,0,0,-1,40.98001,0,1,0,5.399966,0,0.003125
geometry:25836914057:edge_midpoint:6,geometry:25836914057,0.0125,0.003125,157,24,2,160,90,66.06815,-1.61622,EdgeMidpoint,-1,3,anchor_probe,160,24,3,cardinal_west,-3,0,0,0,-1,0,0,-1,25.61264,0,1,0,3,0,0.003125
geometry:25836914057:edge_midpoint:6,geometry:25836914057,0.003125,0.003125,157,24,2,160,90,66.06815,-1.61622,EdgeMidpoint,-1,3,anchor_probe,160,24,3,cardinal_west,-3,0,0,0,-1,0,0,-1,6.403161,0,1,0,0,1,0.003125
geometry:25836914057:edge_midpoint:6,geometry:25836914057,0.02,0.003125,159,24,2,160,90,66.00758,-1.585947,EdgeMidpoint,-1,1,anchor_probe,160,24,1,cardinal_west,-1,0,0,0,-1,0,0,-1,40.98006,0,1,0,5.400038,0,0.003125
geometry:25836914057:edge_midpoint:6,geometry:25836914057,0.0125,0.003125,159,24,2,160,90,66.00758,-1.585947,EdgeMidpoint,-1,1,anchor_probe,160,24,1,cardinal_west,-1,0,0,0,-1,0,0,-1,25.61239,0,1,0,3,0,0.003125
geometry:25836914057:edge_midpoint:6,geometry:25836914057,0.003125,0.003125,159,24,2,160,90,66.00758,-1.585947,EdgeMidpoint,-1,1,anchor_probe,160,24,1,cardinal_west,-1,0,0,0,-1,0,0,-1,6.403096,0,1,0,0,1,0.003125
geometry:25836914057:edge_midpoint:6,geometry:25836914057,0.02,0.003125,161,24,2,160,90,66.00758,-1.555646,EdgeMidpoint,-1,1,anchor_probe,160,24,1,cardinal_east,1,0,0,0,-1,0,0,-1,40.97984,0,1,0,5.399985,0,0.003125
geometry:25836914057:edge_midpoint:6,geometry:25836914057,0.0125,0.003125,161,24,2,160,90,66.00758,-1.555646,EdgeMidpoint,-1,1,anchor_probe,160,24,1,cardinal_east,1,0,0,0,-1,0,0,-1,25.61246,0,1,0,3,0,0.003125
geometry:25836914057:edge_midpoint:6,geometry:25836914057,0.003125,0.003125,161,24,2,160,90,66.00758,-1.555646,EdgeMidpoint,-1,1,anchor_probe,160,24,1,cardinal_east,1,0,0,0,-1,0,0,-1,6.403115,0,1,0,0,1,0.003125
geometry:25836914057:edge_midpoint:6,geometry:25836914057,0.02,0.003125,163,24,2,160,90,66.06815,-1.525373,EdgeMidpoint,-1,3,anchor_probe,160,24,3,cardinal_east,3,0,0,0,-1,0,0,-1,40.97971,0,1,0,5.399942,0,0.003125
geometry:25836914057:edge_midpoint:6,geometry:25836914057,0.0125,0.003125,163,24,2,160,90,66.06815,-1.525373,EdgeMidpoint,-1,3,anchor_probe,160,24,3,cardinal_east,3,0,0,0,-1,0,0,-1,25.6127,0,1,0,3.000024,0,0.003125
geometry:25836914057:edge_midpoint:6,geometry:25836914057,0.003125,0.003125,163,24,2,160,90,66.06815,-1.525373,EdgeMidpoint,-1,3,anchor_probe,160,24,3,cardinal_east,3,0,0,0,-1,0,0,-1,6.403138,0,1,0,0,1,0.003125
geometry:25836914057:edge_midpoint:6,geometry:25836914057,0.02,0.003125,156,25,2,160,90,65.12296,-1.632257,EdgeMidpoint,-1,4.123106,anchor_probe,160,24,4,diagonal_southwest,-4,1,1,25836914057,-1,0,0,8.286538,8.300011,0,0,1,2.296251,0,0.003125
geometry:25836914057:edge_midpoint:6,geometry:25836914057,0.0125,0.003125,156,25,2,160,90,65.12296,-1.632257,EdgeMidpoint,-1,4.123106,anchor_probe,160,24,4,diagonal_southwest,-4,1,1,25836914057,-1,0,0,8.286458,8.287533,0,0,1,2.294302,0,0.003125
geometry:25836914057:edge_midpoint:6,geometry:25836914057,0.003125,0.003125,156,25,2,160,90,65.12296,-1.632257,EdgeMidpoint,-1,4.123106,anchor_probe,160,24,4,diagonal_southwest,-4,1,0,0,-1,0,0,-1,6.403089,0,1,0,0,1,0.003125
geometry:25836914057:edge_midpoint:6,geometry:25836914057,0.02,0.003125,157,25,2,160,90,65.06919,-1.616917,EdgeMidpoint,-1,3.162278,anchor_probe,160,24,3,diagonal_southwest,-3,1,1,25836914057,-1,0,0,8.286432,8.300012,0,0,1,2.29625,0,0.003125
geometry:25836914057:edge_midpoint:6,geometry:25836914057,0.0125,0.003125,157,25,2,160,90,65.06919,-1.616917,EdgeMidpoint,-1,3.162278,anchor_probe,160,24,3,diagonal_southwest,-3,1,1,25836914057,-1,0,0,8.286407,8.287483,0,0,1,2.294293,0,0.003125
geometry:25836914057:edge_midpoint:6,geometry:25836914057,0.003125,0.003125,157,25,2,160,90,65.06919,-1.616917,EdgeMidpoint,-1,3.162278,anchor_probe,160,24,3,diagonal_southwest,-3,1,0,0,-1,0,0,-1,6.403096,0,1,0,0,1,0.003125
geometry:25836914057:edge_midpoint:6,geometry:25836914057,0.02,0.003125,158,25,2,160,90,65.03076,-1.601556,EdgeMidpoint,-1,2.236068,anchor_probe,160,24,2,diagonal_southwest,-2,1,1,25836914057,-1,0,0,8.286354,8.300015,0,0,1,2.296256,0,0.003125
geometry:25836914057:edge_midpoint:6,geometry:25836914057,0.0125,0.003125,158,25,2,160,90,65.03076,-1.601556,EdgeMidpoint,-1,2.236068,anchor_probe,160,24,2,diagonal_southwest,-2,1,1,25836914057,-1,0,0,8.286286,8.287528,0,0,1,2.294306,0,0.003125
geometry:25836914057:edge_midpoint:6,geometry:25836914057,0.003125,0.003125,158,25,2,160,90,65.03076,-1.601556,EdgeMidpoint,-1,2.236068,anchor_probe,160,24,2,diagonal_southwest,-2,1,0,0,-1,0,0,-1,6.403069,0,1,0,0,1,0.003125
geometry:25836914057:edge_midpoint:6,geometry:25836914057,0.02,0.003125,159,25,2,160,90,65.00769,-1.58618,EdgeMidpoint,-1,1.414214,anchor_probe,160,24,1,diagonal_southwest,-1,1,1,25836914057,-1,0,0,8.28633,8.300002,0,0,1,2.296258,0,0.003125
geometry:25836914057:edge_midpoint:6,geometry:25836914057,0.0125,0.003125,159,25,2,160,90,65.00769,-1.58618,EdgeMidpoint,-1,1.414214,anchor_probe,160,24,1,diagonal_southwest,-1,1,1,25836914057,-1,0,0,8.286262,8.287517,0,0,1,2.294308,0,0.003125
geometry:25836914057:edge_midpoint:6,geometry:25836914057,0.003125,0.003125,159,25,2,160,90,65.00769,-1.58618,EdgeMidpoint,-1,1.414214,anchor_probe,160,24,1,diagonal_southwest,-1,1,0,0,-1,0,0,-1,6.403047,0,1,0,0,1,0.003125
geometry:25836914057:edge_midpoint:6,geometry:25836914057,0.02,0.003125,160,25,2,160,90,65,-1.570796,EdgeMidpoint,-1,1,anchor_probe,160,24,1,cardinal_south,0,1,1,25836914057,-1,0,0,8.28633,8.300002,0,0,1,2.296258,0,0.003125
geometry:25836914057:edge_midpoint:6,geometry:25836914057,0.0125,0.003125,160,25,2,160,90,65,-1.570796,EdgeMidpoint,-1,1,anchor_probe,160,24,1,cardinal_south,0,1,1,25836914057,-1,0,0,8.286262,8.287517,0,0,1,2.294308,0,0.003125
geometry:25836914057:edge_midpoint:6,geometry:25836914057,0.003125,0.003125,160,25,2,160,90,65,-1.570796,EdgeMidpoint,-1,1,anchor_probe,160,24,1,cardinal_south,0,1,0,0,-1,0,0,-1,6.403047,0,1,0,0,1,0.003125
geometry:25836914057:edge_midpoint:6,geometry:25836914057,0.02,0.003125,161,25,2,160,90,65.00769,-1.555413,EdgeMidpoint,-1,1.414214,anchor_probe,160,24,1,diagonal_southeast,1,1,1,25836914057,-1,0,0,8.286354,8.300015,0,0,1,2.296256,0,0.003125
geometry:25836914057:edge_midpoint:6,geometry:25836914057,0.0125,0.003125,161,25,2,160,90,65.00769,-1.555413,EdgeMidpoint,-1,1.414214,anchor_probe,160,24,1,diagonal_southeast,1,1,1,25836914057,-1,0,0,8.286286,8.287528,0,0,1,2.294306,0,0.003125
geometry:25836914057:edge_midpoint:6,geometry:25836914057,0.003125,0.003125,161,25,2,160,90,65.00769,-1.555413,EdgeMidpoint,-1,1.414214,anchor_probe,160,24,1,diagonal_southeast,1,1,0,0,-1,0,0,-1,6.403069,0,1,0,0,1,0.003125
geometry:25836914057:edge_midpoint:6,geometry:25836914057,0.02,0.003125,162,25,2,160,90,65.03076,-1.540037,EdgeMidpoint,-1,2.236068,anchor_probe,160,24,2,diagonal_southeast,2,1,1,25836914057,-1,0,0,8.286432,8.300012,0,0,1,2.29625,0,0.003125
geometry:25836914057:edge_midpoint:6,geometry:25836914057,0.0125,0.003125,162,25,2,160,90,65.03076,-1.540037,EdgeMidpoint,-1,2.236068,anchor_probe,160,24,2,diagonal_southeast,2,1,1,25836914057,-1,0,0,8.286407,8.287483,0,0,1,2.294293,0,0.003125
geometry:25836914057:edge_midpoint:6,geometry:25836914057,0.003125,0.003125,162,25,2,160,90,65.03076,-1.540037,EdgeMidpoint,-1,2.236068,anchor_probe,160,24,2,diagonal_southeast,2,1,0,0,-1,0,0,-1,6.403096,0,1,0,0,1,0.003125
geometry:25836914057:edge_midpoint:6,geometry:25836914057,0.02,0.003125,163,25,2,160,90,65.06919,-1.524675,EdgeMidpoint,-1,3.162278,anchor_probe,160,24,3,diagonal_southeast,3,1,1,25836914057,-1,0,0,8.286538,8.300011,0,0,1,2.296251,0,0.003125
geometry:25836914057:edge_midpoint:6,geometry:25836914057,0.0125,0.003125,163,25,2,160,90,65.06919,-1.524675,EdgeMidpoint,-1,3.162278,anchor_probe,160,24,3,diagonal_southeast,3,1,1,25836914057,-1,0,0,8.286458,8.287533,0,0,1,2.294302,0,0.003125
geometry:25836914057:edge_midpoint:6,geometry:25836914057,0.003125,0.003125,163,25,2,160,90,65.06919,-1.524675,EdgeMidpoint,-1,3.162278,anchor_probe,160,24,3,diagonal_southeast,3,1,0,0,-1,0,0,-1,6.403089,0,1,0,0,1,0.003125
geometry:25836914057:edge_midpoint:6,geometry:25836914057,0.02,0.003125,164,25,2,160,90,65.12296,-1.509335,EdgeMidpoint,-1,4.123106,anchor_probe,160,24,4,diagonal_southeast,4,1,1,25836914057,-1,0,0,8.286712,8.299982,0,0,1,2.296233,0,0.003125
geometry:25836914057:edge_midpoint:6,geometry:25836914057,0.0125,0.003125,164,25,2,160,90,65.12296,-1.509335,EdgeMidpoint,-1,4.123106,anchor_probe,160,24,4,diagonal_southeast,4,1,1,25836914057,-1,0,0,8.286613,8.287529,0,0,1,2.294289,0,0.003125
geometry:25836914057:edge_midpoint:6,geometry:25836914057,0.003125,0.003125,164,25,2,160,90,65.12296,-1.509335,EdgeMidpoint,-1,4.123106,anchor_probe,160,24,4,diagonal_southeast,4,1,0,0,-1,0,0,-1,6.403154,0,1,0,0,1,0.003125
geometry:25836914057:edge_midpoint:6,geometry:25836914057,0.02,0.003125,156,26,2,160,90,64.12488,-1.633215,EdgeMidpoint,-1,4.472136,anchor_probe,160,24,4,diagonal_southwest,-4,2,1,25836914057,-1,0,0,8.279219,8.280012,0,0,1,2.293129,0,0.003125
geometry:25836914057:edge_midpoint:6,geometry:25836914057,0.0125,0.003125,156,26,2,160,90,64.12488,-1.633215,EdgeMidpoint,-1,4.472136,anchor_probe,160,24,4,diagonal_southwest,-4,2,1,25836914057,-1,0,0,8.279138,8.287538,0,0,1,2.294304,0,0.003125
geometry:25836914057:edge_midpoint:6,geometry:25836914057,0.003125,0.003125,156,26,2,160,90,64.12488,-1.633215,EdgeMidpoint,-1,4.472136,anchor_probe,160,24,4,diagonal_southwest,-4,2,0,0,-1,0,0,-1,6.403082,0,1,0,0,1,0.003125
geometry:25836914057:edge_midpoint:6,geometry:25836914057,0.02,0.003125,157,26,2,160,90,64.07027,-1.617637,EdgeMidpoint,-1,3.605551,anchor_probe,160,24,4,diagonal_southwest,-3,2,1,25836914057,-1,0,0,8.279112,8.280006,0,0,1,2.293108,0,0.003125
geometry:25836914057:edge_midpoint:6,geometry:25836914057,0.0125,0.003125,157,26,2,160,90,64.07027,-1.617637,EdgeMidpoint,-1,3.605551,anchor_probe,160,24,4,diagonal_southwest,-3,2,1,25836914057,-1,0,0,8.279087,8.287481,0,0,1,2.294276,0,0.003125
geometry:25836914057:edge_midpoint:6,geometry:25836914057,0.003125,0.003125,157,26,2,160,90,64.07027,-1.617637,EdgeMidpoint,-1,3.605551,anchor_probe,160,24,4,diagonal_southwest,-3,2,0,0,-1,0,0,-1,6.40318,0,1,0,0,1,0.003125
geometry:25836914057:edge_midpoint:6,geometry:25836914057,0.02,0.003125,159,26,2,160,90,64.00781,-1.58642,EdgeMidpoint,-1,2.236068,anchor_probe,160,24,2,diagonal_southwest,-1,2,1,25836914057,-1,0,0,8.279011,8.280004,0,0,1,2.293114,0,0.003125
geometry:25836914057:edge_midpoint:6,geometry:25836914057,0.0125,0.003125,159,26,2,160,90,64.00781,-1.58642,EdgeMidpoint,-1,2.236068,anchor_probe,160,24,2,diagonal_southwest,-1,2,1,25836914057,-1,0,0,8.278944,8.287512,0,0,1,2.294286,0,0.003125
geometry:25836914057:edge_midpoint:6,geometry:25836914057,0.003125,0.003125,159,26,2,160,90,64.00781,-1.58642,EdgeMidpoint,-1,2.236068,anchor_probe,160,24,2,diagonal_southwest,-1,2,0,0,-1,0,0,-1,6.403151,0,1,0,0,1,0.003125
geometry:25836914057:edge_midpoint:6,geometry:25836914057,0.02,0.003125,161,26,2,160,90,64.00781,-1.555173,EdgeMidpoint,-1,2.236068,anchor_probe,160,24,2,diagonal_southeast,1,2,1,25836914057,-1,0,0,8.279035,8.280015,0,0,1,2.293111,0,0.003125
geometry:25836914057:edge_midpoint:6,geometry:25836914057,0.0125,0.003125,161,26,2,160,90,64.00781,-1.555173,EdgeMidpoint,-1,2.236068,anchor_probe,160,24,2,diagonal_southeast,1,2,1,25836914057,-1,0,0,8.278968,8.287521,0,0,1,2.294284,0,0.003125
geometry:25836914057:edge_midpoint:6,geometry:25836914057,0.003125,0.003125,161,26,2,160,90,64.00781,-1.555173,EdgeMidpoint,-1,2.236068,anchor_probe,160,24,2,diagonal_southeast,1,2,0,0,-1,0,0,-1,6.403172,0,1,0,0,1,0.003125
geometry:25836914057:edge_midpoint:6,geometry:25836914057,0.02,0.003125,163,26,2,160,90,64.07027,-1.523956,EdgeMidpoint,-1,3.605551,anchor_probe,160,24,4,diagonal_southeast,3,2,1,25836914057,-1,0,0,8.279219,8.280012,0,0,1,2.293129,0,0.003125
geometry:25836914057:edge_midpoint:6,geometry:25836914057,0.0125,0.003125,163,26,2,160,90,64.07027,-1.523956,EdgeMidpoint,-1,3.605551,anchor_probe,160,24,4,diagonal_southeast,3,2,1,25836914057,-1,0,0,8.279138,8.287538,0,0,1,2.294304,0,0.003125
geometry:25836914057:edge_midpoint:6,geometry:25836914057,0.003125,0.003125,163,26,2,160,90,64.07027,-1.523956,EdgeMidpoint,-1,3.605551,anchor_probe,160,24,4,diagonal_southeast,3,2,0,0,-1,0,0,-1,6.403082,0,1,0,0,1,0.003125
geometry:25836914057:edge_midpoint:6,geometry:25836914057,0.02,0.003125,164,26,2,160,90,64.12488,-1.508378,EdgeMidpoint,-1,4.472136,anchor_probe,160,24,4,diagonal_southeast,4,2,1,25836914057,-1,0,0,8.279391,8.279984,0,0,1,2.293126,0,0.003125
geometry:25836914057:edge_midpoint:6,geometry:25836914057,0.0125,0.003125,164,26,2,160,90,64.12488,-1.508378,EdgeMidpoint,-1,4.472136,anchor_probe,160,24,4,diagonal_southeast,4,2,1,25836914057,-1,0,0,8.279294,8.287522,0,0,1,2.294303,0,0.003125
geometry:25836914057:edge_midpoint:6,geometry:25836914057,0.003125,0.003125,164,26,2,160,90,64.12488,-1.508378,EdgeMidpoint,-1,4.472136,anchor_probe,160,24,4,diagonal_southeast,4,2,0,0,-1,0,0,-1,6.403078,0,1,0,0,1,0.003125
geometry:25836914057:edge_midpoint:6,geometry:25836914057,0.02,0.003125,156,27,2,160,90,63.12686,-1.634203,EdgeMidpoint,-1,5,anchor_probe,160,24,5,diagonal_southwest,-4,3,1,25836914057,-1,0,0,8.272009,8.280006,0,0,1,2.293135,0,0.003125
geometry:25836914057:edge_midpoint:6,geometry:25836914057,0.0125,0.003125,156,27,2,160,90,63.12686,-1.634203,EdgeMidpoint,-1,5,anchor_probe,160,24,5,diagonal_southwest,-4,3,1,25836914057,-1,0,0,8.271955,8.275008,0,0,1,2.292355,0,0.003125
geometry:25836914057:edge_midpoint:6,geometry:25836914057,0.003125,0.003125,156,27,2,160,90,63.12686,-1.634203,EdgeMidpoint,-1,5,anchor_probe,160,24,5,diagonal_southwest,-4,3,0,0,-1,0,0,-1,6.403047,0,1,0,0,1,0.003125
geometry:25836914057:edge_midpoint:6,geometry:25836914057,0.02,0.003125,157,27,2,160,90,63.07139,-1.618379,EdgeMidpoint,-1,4.24264,anchor_probe,160,24,4,diagonal_southwest,-3,3,1,25836914057,-1,0,0,8.271908,8.280003,0,0,1,2.293111,0,0.003125
geometry:25836914057:edge_midpoint:6,geometry:25836914057,0.0125,0.003125,157,27,2,160,90,63.07139,-1.618379,EdgeMidpoint,-1,4.24264,anchor_probe,160,24,4,diagonal_southwest,-3,3,1,25836914057,-1,0,0,8.27183,8.275021,0,0,1,2.292333,0,0.003125
geometry:25836914057:edge_midpoint:6,geometry:25836914057,0.003125,0.003125,157,27,2,160,90,63.07139,-1.618379,EdgeMidpoint,-1,4.24264,anchor_probe,160,24,4,diagonal_southwest,-3,3,0,0,-1,0,0,-1,6.403162,0,1,0,0,1,0.003125
geometry:25836914057:edge_midpoint:6,geometry:25836914057,0.02,0.003125,158,27,2,160,90,63.03174,-1.602532,EdgeMidpoint,-1,3.605551,anchor_probe,160,24,4,diagonal_southwest,-2,3,1,25836914057,-1,0,0,8.271824,8.280012,0,0,1,2.293107,0,0.003125
geometry:25836914057:edge_midpoint:6,geometry:25836914057,0.0125,0.003125,158,27,2,160,90,63.03174,-1.602532,EdgeMidpoint,-1,3.605551,anchor_probe,160,24,4,diagonal_southwest,-2,3,1,25836914057,-1,0,0,8.27179,8.274996,0,0,1,2.292323,0,0.003125
geometry:25836914057:edge_midpoint:6,geometry:25836914057,0.003125,0.003125,158,27,2,160,90,63.03174,-1.602532,EdgeMidpoint,-1,3.605551,anchor_probe,160,24,4,diagonal_southwest,-2,3,0,0,-1,0,0,-1,6.403194,0,1,0,0,1,0.003125
geometry:25836914057:edge_midpoint:6,geometry:25836914057,0.02,0.003125,159,27,2,160,90,63.00793,-1.586668,EdgeMidpoint,-1,3.162278,anchor_probe,160,24,3,diagonal_southwest,-1,3,1,25836914057,-1,0,0,8.271804,8.279996,0,0,1,2.293108,0,0.003125
geometry:25836914057:edge_midpoint:6,geometry:25836914057,0.0125,0.003125,159,27,2,160,90,63.00793,-1.586668,EdgeMidpoint,-1,3.162278,anchor_probe,160,24,3,diagonal_southwest,-1,3,1,25836914057,-1,0,0,8.27176,8.274988,0,0,1,2.292326,0,0.003125
geometry:25836914057:edge_midpoint:6,geometry:25836914057,0.003125,0.003125,159,27,2,160,90,63.00793,-1.586668,EdgeMidpoint,-1,3.162278,anchor_probe,160,24,3,diagonal_southwest,-1,3,0,0,-1,0,0,-1,6.403173,0,1,0,0,1,0.003125
geometry:25836914057:edge_midpoint:6,geometry:25836914057,0.02,0.003125,160,27,2,160,90,63,-1.570796,EdgeMidpoint,-1,3,anchor_probe,160,24,3,cardinal_south,0,3,1,25836914057,-1,0,0,8.271804,8.279996,0,0,1,2.293108,0,0.003125
geometry:25836914057:edge_midpoint:6,geometry:25836914057,0.0125,0.003125,160,27,2,160,90,63,-1.570796,EdgeMidpoint,-1,3,anchor_probe,160,24,3,cardinal_south,0,3,1,25836914057,-1,0,0,8.27176,8.274988,0,0,1,2.292326,0,0.003125
geometry:25836914057:edge_midpoint:6,geometry:25836914057,0.003125,0.003125,160,27,2,160,90,63,-1.570796,EdgeMidpoint,-1,3,anchor_probe,160,24,3,cardinal_south,0,3,0,0,-1,0,0,-1,6.403173,0,1,0,0,1,0.003125
geometry:25836914057:edge_midpoint:6,geometry:25836914057,0.02,0.003125,161,27,2,160,90,63.00793,-1.554925,EdgeMidpoint,-1,3.162278,anchor_probe,160,24,3,diagonal_southeast,1,3,1,25836914057,-1,0,0,8.271824,8.280012,0,0,1,2.293107,0,0.003125
geometry:25836914057:edge_midpoint:6,geometry:25836914057,0.0125,0.003125,161,27,2,160,90,63.00793,-1.554925,EdgeMidpoint,-1,3.162278,anchor_probe,160,24,3,diagonal_southeast,1,3,1,25836914057,-1,0,0,8.27179,8.274996,0,0,1,2.292323,0,0.003125
geometry:25836914057:edge_midpoint:6,geometry:25836914057,0.003125,0.003125,161,27,2,160,90,63.00793,-1.554925,EdgeMidpoint,-1,3.162278,anchor_probe,160,24,3,diagonal_southeast,1,3,0,0,-1,0,0,-1,6.403194,0,1,0,0,1,0.003125
geometry:25836914057:edge_midpoint:6,geometry:25836914057,0.02,0.003125,162,27,2,160,90,63.03174,-1.539061,EdgeMidpoint,-1,3.605551,anchor_probe,160,24,4,diagonal_southeast,2,3,1,25836914057,-1,0,0,8.271908,8.280003,0,0,1,2.293111,0,0.003125
geometry:25836914057:edge_midpoint:6,geometry:25836914057,0.0125,0.003125,162,27,2,160,90,63.03174,-1.539061,EdgeMidpoint,-1,3.605551,anchor_probe,160,24,4,diagonal_southeast,2,3,1,25836914057,-1,0,0,8.27183,8.275021,0,0,1,2.292333,0,0.003125
geometry:25836914057:edge_midpoint:6,geometry:25836914057,0.003125,0.003125,162,27,2,160,90,63.03174,-1.539061,EdgeMidpoint,-1,3.605551,anchor_probe,160,24,4,diagonal_southeast,2,3,0,0,-1,0,0,-1,6.403162,0,1,0,0,1,0.003125
geometry:25836914057:edge_midpoint:6,geometry:25836914057,0.02,0.003125,163,27,2,160,90,63.07139,-1.523213,EdgeMidpoint,-1,4.24264,anchor_probe,160,24,4,diagonal_southeast,3,3,1,25836914057,-1,0,0,8.272009,8.280006,0,0,1,2.293135,0,0.003125
geometry:25836914057:edge_midpoint:6,geometry:25836914057,0.0125,0.003125,163,27,2,160,90,63.07139,-1.523213,EdgeMidpoint,-1,4.24264,anchor_probe,160,24,4,diagonal_southeast,3,3,1,25836914057,-1,0,0,8.271955,8.275008,0,0,1,2.292355,0,0.003125
geometry:25836914057:edge_midpoint:6,geometry:25836914057,0.003125,0.003125,163,27,2,160,90,63.07139,-1.523213,EdgeMidpoint,-1,4.24264,anchor_probe,160,24,4,diagonal_southeast,3,3,0,0,-1,0,0,-1,6.403047,0,1,0,0,1,0.003125
geometry:25836914057:edge_midpoint:6,geometry:25836914057,0.02,0.003125,164,27,2,160,90,63.12686,-1.507389,EdgeMidpoint,-1,5,anchor_probe,160,24,5,diagonal_southeast,4,3,1,25836914057,-1,0,0,8.272185,8.279977,0,0,1,2.293118,0,0.003125
geometry:25836914057:edge_midpoint:6,geometry:25836914057,0.0125,0.003125,164,27,2,160,90,63.12686,-1.507389,EdgeMidpoint,-1,5,anchor_probe,160,24,5,diagonal_southeast,4,3,1,25836914057,-1,0,0,8.272114,8.274998,0,0,1,2.29234,0,0.003125
geometry:25836914057:edge_midpoint:6,geometry:25836914057,0.003125,0.003125,164,27,2,160,90,63.12686,-1.507389,EdgeMidpoint,-1,5,anchor_probe,160,24,5,diagonal_southeast,4,3,0,0,-1,0,0,-1,6.40311,0,1,0,0,1,0.003125
geometry:25836914057:edge_midpoint:6,geometry:25836914057,0.02,0.003125,157,28,2,160,90,62.07254,-1.619146,EdgeMidpoint,-1,5,anchor_probe,160,24,5,diagonal_southwest,-3,4,1,25836914057,-1,0,0,8.264812,8.279991,0,0,1,2.293108,0,0.003125
geometry:25836914057:edge_midpoint:6,geometry:25836914057,0.0125,0.003125,157,28,2,160,90,62.07254,-1.619146,EdgeMidpoint,-1,5,anchor_probe,160,24,5,diagonal_southwest,-3,4,1,25836914057,-1,0,0,8.264783,8.274971,0,0,1,2.292324,0,0.003125
geometry:25836914057:edge_midpoint:6,geometry:25836914057,0.003125,0.003125,157,28,2,160,90,62.07254,-1.619146,EdgeMidpoint,-1,5,anchor_probe,160,24,5,diagonal_southwest,-3,4,0,0,-1,0,0,-1,6.403169,0,1,0,0,1,0.003125
geometry:25836914057:edge_midpoint:6,geometry:25836914057,0.02,0.003125,158,28,2,160,90,62.03225,-1.603043,EdgeMidpoint,-1,4.472136,anchor_probe,160,24,4,diagonal_southwest,-2,4,1,25836914057,-1,0,0,8.264719,8.280014,0,0,1,2.293117,0,0.003125
geometry:25836914057:edge_midpoint:6,geometry:25836914057,0.0125,0.003125,158,28,2,160,90,62.03225,-1.603043,EdgeMidpoint,-1,4.472136,anchor_probe,160,24,4,diagonal_southwest,-2,4,1,25836914057,-1,0,0,8.264663,8.275014,0,0,1,2.292336,0,0.003125
geometry:25836914057:edge_midpoint:6,geometry:25836914057,0.003125,0.003125,158,28,2,160,90,62.03225,-1.603043,EdgeMidpoint,-1,4.472136,anchor_probe,160,24,4,diagonal_southwest,-2,4,0,0,-1,0,0,-1,6.403142,0,1,0,0,1,0.003125
geometry:25836914057:edge_midpoint:6,geometry:25836914057,0.02,0.003125,159,28,2,160,90,62.00806,-1.586924,EdgeMidpoint,-1,4.123106,anchor_probe,160,24,4,diagonal_southwest,-1,4,1,25836914057,-1,0,0,8.264709,8.27999,0,0,1,2.293104,0,0.003125
geometry:25836914057:edge_midpoint:6,geometry:25836914057,0.0125,0.003125,159,28,2,160,90,62.00806,-1.586924,EdgeMidpoint,-1,4.123106,anchor_probe,160,24,4,diagonal_southwest,-1,4,1,25836914057,-1,0,0,8.264656,8.274985,0,0,1,2.292322,0,0.003125
geometry:25836914057:edge_midpoint:6,geometry:25836914057,0.003125,0.003125,159,28,2,160,90,62.00806,-1.586924,EdgeMidpoint,-1,4.123106,anchor_probe,160,24,4,diagonal_southwest,-1,4,0,0,-1,0,0,-1,6.403192,0,1,0,0,1,0.003125
geometry:25836914057:edge_midpoint:6,geometry:25836914057,0.02,0.003125,161,28,2,160,90,62.00806,-1.554669,EdgeMidpoint,-1,4.123106,anchor_probe,160,24,4,diagonal_southeast,1,4,1,25836914057,-1,0,0,8.264719,8.280014,0,0,1,2.293117,0,0.003125
geometry:25836914057:edge_midpoint:6,geometry:25836914057,0.0125,0.003125,161,28,2,160,90,62.00806,-1.554669,EdgeMidpoint,-1,4.123106,anchor_probe,160,24,4,diagonal_southeast,1,4,1,25836914057,-1,0,0,8.264663,8.275014,0,0,1,2.292336,0,0.003125
geometry:25836914057:edge_midpoint:6,geometry:25836914057,0.003125,0.003125,161,28,2,160,90,62.00806,-1.554669,EdgeMidpoint,-1,4.123106,anchor_probe,160,24,4,diagonal_southeast,1,4,0,0,-1,0,0,-1,6.403142,0,1,0,0,1,0.003125
geometry:25836914057:edge_midpoint:6,geometry:25836914057,0.02,0.003125,162,28,2,160,90,62.03225,-1.538549,EdgeMidpoint,-1,4.472136,anchor_probe,160,24,4,diagonal_southeast,2,4,1,25836914057,-1,0,0,8.264812,8.279991,0,0,1,2.293108,0,0.003125
geometry:25836914057:edge_midpoint:6,geometry:25836914057,0.0125,0.003125,162,28,2,160,90,62.03225,-1.538549,EdgeMidpoint,-1,4.472136,anchor_probe,160,24,4,diagonal_southeast,2,4,1,25836914057,-1,0,0,8.264783,8.274971,0,0,1,2.292324,0,0.003125
geometry:25836914057:edge_midpoint:6,geometry:25836914057,0.003125,0.003125,162,28,2,160,90,62.03225,-1.538549,EdgeMidpoint,-1,4.472136,anchor_probe,160,24,4,diagonal_southeast,2,4,0,0,-1,0,0,-1,6.403169,0,1,0,0,1,0.003125
geometry:25836914057:edge_midpoint:6,geometry:25836914057,0.02,0.003125,163,28,2,160,90,62.07254,-1.522447,EdgeMidpoint,-1,5,anchor_probe,160,24,5,diagonal_southeast,3,4,1,25836914057,-1,0,0,8.264915,8.28,0,0,1,2.293129,0,0.003125
geometry:25836914057:edge_midpoint:6,geometry:25836914057,0.0125,0.003125,163,28,2,160,90,62.07254,-1.522447,EdgeMidpoint,-1,5,anchor_probe,160,24,5,diagonal_southeast,3,4,1,25836914057,-1,0,0,8.264832,8.27503,0,0,1,2.292353,0,0.003125
geometry:25836914057:edge_midpoint:6,geometry:25836914057,0.003125,0.003125,163,28,2,160,90,62.07254,-1.522447,EdgeMidpoint,-1,5,anchor_probe,160,24,5,diagonal_southeast,3,4,0,0,-1,0,0,-1,6.40307,0,1,0,0,1,0.003125
