timestamp,fixture_id,commit_hash,transport_model,requested_stepLength,requested_min_stepLength,requested_turnThreshold,requested_errorTolerance,steps_per_ray,effective_stepLength,effective_min_stepLength,effective_turnThreshold,effective_errorTolerance,status,capture_succeeded,launch_audit_status,guard_progress,forcedAdvance,processed_rows,total_rows_considered,total_rows_processed,total_rows_skipped,processed_row_start,processed_row_end,zero_hit_rows,row_participation_summary,runtime_fingerprint,traced_pixels,runtime,source_hits,miss_hits,backgroundHits,useful_hit_ratio,ssim_vs_baseline,mad_vs_baseline,image_width,image_height,visual_tag,decision_tag,runtime_fingerprint_present,assembly_timestamp_present,effective_step_matches_requested,row_diagnostics_present,scheduler_clean,run_verified
2026-03-21T13-09-07,fixture_001,fe9ae2f0d764dc3b245f058bc06b3550a5fbb58a,GRIN_Optical,,,,,350,0.05,0.05,,,ok,true,ok,0,0,164,,,,,,,,,54112,28.883,2582,51530,0,0.04771584861028977,0.9916696446398755,0.35234615,1152,648,,,,,,,,
2026-03-21T13-10-51,fixture_001,fe9ae2f0d764dc3b245f058bc06b3550a5fbb58a,GRIN_Optical,0.04,0.04,,,350,0.04,0.04,,,ok,true,ok,0,0,164,,,,,,,,,71840,28.231,3372,68468,0,0.046937639198218264,0.9852023020497764,0.5570019,1152,648,,,,,,,,
2026-03-21T14-09-04,fixture_001,202e0d79d46f596a4890491610b30f00a4c99803,GRIN_Optical,0.04,0.04,4.0,,350,0.04,0.04,,,ok,true,ok,0,0,164,,,,,,,,,72448,28.194,3398,69050,0,0.04690260600706714,0.9849248782711791,0.5693346,1152,648,,,,,,,,
2026-03-21T14-09-56,fixture_001,202e0d79d46f596a4890491610b30f00a4c99803,GRIN_Optical,0.045,0.045,4.0,,350,0.045,0.045,4.0,,ok,true,ok,0,0,164,,,,,,,,,49504,29.043,2338,47166,0,0.047228506787330315,0.9906132912477283,0.37539205,1152,648,,,,,,,,
2026-03-21T14-10-35,fixture_001,202e0d79d46f596a4890491610b30f00a4c99803,GRIN_Optical,0.04,0.04,3.2,,350,0.04,0.04,3.2,,ok,true,ok,0,0,164,,,,,,,,,71744,28.264,3353,68391,0,0.046735615521855484,0.9853355790129147,0.54168093,1152,648,,,,,,,,
2026-03-21T14-11-04,fixture_001,202e0d79d46f596a4890491610b30f00a4c99803,GRIN_Optical,0.04,0.04,4.0,,350,0.04,0.04,4.0,,ok,true,ok,0,0,164,,,,,,,,,71264,28.164,3309,67955,0,0.046432981589582395,0.9878870727584829,0.5093901,1152,648,,,,,,,,
2026-03-21T14-11-33,fixture_001,202e0d79d46f596a4890491610b30f00a4c99803,GRIN_Optical,0.04,0.04,4.8,,350,0.04,0.04,4.8,,ok,true,ok,0,0,164,,,,,,,,,72032,28.111,3387,68645,0,0.047020768547312304,0.9840144788664138,0.6165056,1152,648,,,,,,,,
2026-03-21T14-12-01,fixture_001,202e0d79d46f596a4890491610b30f00a4c99803,GRIN_Optical,0.045,0.045,3.2,,350,0.045,0.045,3.2,,ok,true,ok,0,0,164,,,,,,,,,52352,28.487,2380,49972,0,0.04546149144254279,0.9901325892035914,0.4131087,1152,648,,,,,,,,
2026-03-21T14-12-31,fixture_001,202e0d79d46f596a4890491610b30f00a4c99803,GRIN_Optical,0.045,0.045,4.0,,350,0.045,0.045,4.0,,ok,true,ok,0,0,164,,,,,,,,,49888,28.708,2348,47540,0,0.047065426555484284,0.9912465210597091,0.36347416,1152,648,,,,,,,,
2026-03-21T14-13-00,fixture_001,202e0d79d46f596a4890491610b30f00a4c99803,GRIN_Optical,0.045,0.045,4.8,,350,0.045,0.045,4.8,,ok,true,ok,0,0,164,,,,,,,,,50592,28.452,2310,48282,0,0.045659392789373816,0.9892805273955529,0.4553648,1152,648,,,,,,,,
2026-03-21T14-13-29,fixture_001,202e0d79d46f596a4890491610b30f00a4c99803,GRIN_Optical,0.05,0.05,3.2,,350,0.05,0.05,3.2,,ok,true,ok,0,0,164,,,,,,,,,50336,28.61,2369,47967,0,0.04706373172282263,0.9889409312734124,0.48891532,1152,648,,,,,,,,
2026-03-21T14-13-58,fixture_001,202e0d79d46f596a4890491610b30f00a4c99803,GRIN_Optical,0.05,0.05,4.0,,350,0.05,0.05,4.0,,ok,true,ok,0,0,164,,,,,,,,,54048,28.528,2555,51493,0,0.04727279455298993,0.990942804209885,0.3763445,1152,648,,,,,,,,
2026-03-21T14-14-27,fixture_001,202e0d79d46f596a4890491610b30f00a4c99803,GRIN_Optical,0.05,0.05,4.8,,350,0.05,0.05,4.8,,ok,true,ok,0,0,164,,,,,,,,,52256,28.522,2423,49833,0,0.046367881200244945,0.9920739959526167,0.32536188,1152,648,,,,,,,,
2026-03-21T14-41-34,fixture_001,07ff97a11634c3bce82ff82cac496680e7741df5,GRIN_Optical,0.038,0.038,4.4,,350,0.038,0.038,4.4,,ok,true,ok,0,0,164,,,,,,,,,70688,28.536,2904,67784,0,0.041081937528293345,0.9814483092006338,0.6858465,1152,648,,,,,,,,
2026-03-21T14-42-03,fixture_001,07ff97a11634c3bce82ff82cac496680e7741df5,GRIN_Optical,0.038,0.038,4.8,,350,0.038,0.038,4.8,,ok,true,ok,0,0,164,,,,,,,,,67712,28.419,2761,64951,0,0.040775637996219284,0.9856125937363439,0.5665161,1152,648,,,,,,,,
2026-03-21T14-42-32,fixture_001,07ff97a11634c3bce82ff82cac496680e7741df5,GRIN_Optical,0.038,0.038,5.2,,350,0.038,0.038,5.2,,ok,true,ok,0,0,164,,,,,,,,,70400,28.215,2920,67480,0,0.04147727272727273,0.9832950086454604,0.69288516,1152,648,,,,,,,,
2026-03-21T14-43-01,fixture_001,07ff97a11634c3bce82ff82cac496680e7741df5,GRIN_Optical,0.04,0.04,4.4,,350,0.04,0.04,4.4,,ok,true,ok,0,0,164,,,,,,,,,72416,28.068,3380,69036,0,0.04667476800707026,0.9837867394914928,0.6304249,1152,648,,,,,,,,
2026-03-21T14-43-29,fixture_001,07ff97a11634c3bce82ff82cac496680e7741df5,GRIN_Optical,0.04,0.04,4.8,,350,0.04,0.04,4.8,,ok,true,ok,0,0,164,,,,,,,,,69600,28.337,3221,66379,0,0.04627873563218391,0.9877611345653229,0.42544234,1152,648,,,,,,,,
2026-03-21T14-43-58,fixture_001,07ff97a11634c3bce82ff82cac496680e7741df5,GRIN_Optical,0.04,0.04,5.2,,350,0.04,0.04,5.2,,ok,true,ok,0,0,164,,,,,,,,,70272,28.212,3216,67056,0,0.045765027322404374,0.9880274336471605,0.49207497,1152,648,,,,,,,,
2026-03-21T14-44-27,fixture_001,07ff97a11634c3bce82ff82cac496680e7741df5,GRIN_Optical,0.042,0.042,4.4,,350,0.042,0.042,4.4,,ok,true,ok,0,0,164,,,,,,,,,51712,28.552,2351,49361,0,0.045463335396039604,0.9900410676836654,0.429558,1152,648,,,,,,,,
2026-03-21T14-44-56,fixture_001,07ff97a11634c3bce82ff82cac496680e7741df5,GRIN_Optical,0.042,0.042,4.8,,350,0.042,0.042,4.8,,ok,true,ok,0,0,164,,,,,,,,,51072,28.496,2387,48685,0,0.04673793859649123,0.9897164061305701,0.43296772,1152,648,,,,,,,,
2026-03-21T14-45-25,fixture_001,07ff97a11634c3bce82ff82cac496680e7741df5,GRIN_Optical,0.042,0.042,5.2,,350,0.042,0.042,5.2,,ok,true,ok,0,0,164,,,,,,,,,51104,28.565,2342,48762,0,0.04582811521603006,0.9901078273157761,0.41488546,1152,648,,,,,,,,
2026-03-21T16-13-01,fixture_001,07ff97a11634c3bce82ff82cac496680e7741df5,GRIN_Optical,0.04,0.04,3.6,,350,0.04,0.04,3.6,,ok,true,ok,0,0,164,,,,,,,,,72416,28.96,3380,69036,0,0.04667476800707026,0.9854299714941178,0.5491425,1152,648,,,,,,,,
2026-03-21T16-13-30,fixture_001,07ff97a11634c3bce82ff82cac496680e7741df5,GRIN_Optical,0.04,0.04,4.0,,350,0.04,0.04,4.0,,ok,true,ok,0,0,164,,,,,,,,,69792,28.809,3184,66608,0,0.04562127464465841,0.9893859521593269,0.42990273,1152,648,,,,,,,,
2026-03-21T16-13-59,fixture_001,07ff97a11634c3bce82ff82cac496680e7741df5,GRIN_Optical,0.04,0.04,4.4,,350,0.04,0.04,4.4,,ok,true,ok,0,0,164,,,,,,,,,67808,29.07,3088,64720,0,0.045540349221330816,0.9889303510513431,0.37916076,1152,648,,,,,,,,
2026-03-21T16-14-28,fixture_001,07ff97a11634c3bce82ff82cac496680e7741df5,GRIN_Optical,0.04,0.04,4.8,,350,0.04,0.04,4.8,,ok,true,ok,0,0,164,,,,,,,,,68960,28.888,3208,65752,0,0.04651972157772622,0.989258249421364,0.44928885,1152,648,,,,,,,,
2026-03-21T16-18-04,fixture_001,07ff97a11634c3bce82ff82cac496680e7741df5,GRIN_Optical,0.04,0.04,3.2,,350,0.04,0.04,3.2,,ok,true,ok,0,0,164,,,,,,,,,72224,28.67,3390,68834,0,0.04693730615861763,0.9848927394221533,0.5760285,1152,648,,,,,,,,
2026-03-21T16-18-33,fixture_001,07ff97a11634c3bce82ff82cac496680e7741df5,GRIN_Optical,0.04,0.04,2.8,,350,0.04,0.04,2.8,,ok,true,ok,0,0,164,,,,,,,,,70208,28.88,3214,66994,0,0.045778258887876025,0.9887630991394337,0.45848337,1152,648,,,,,,,,
2026-03-21T16-19-01,fixture_001,07ff97a11634c3bce82ff82cac496680e7741df5,GRIN_Optical,0.04,0.04,2.4,,350,0.04,0.04,2.4,,ok,true,ok,0,0,164,,,,,,,,,72512,28.43,3408,69104,0,0.0469991173874669,0.9843474617590501,0.6051062,1152,648,,,,,,,,
2026-03-21T16-19-30,fixture_001,07ff97a11634c3bce82ff82cac496680e7741df5,GRIN_Optical,0.04,0.04,2.0,,350,0.04,0.04,2.0,,ok,true,ok,0,0,164,,,,,,,,,71712,28.661,3339,68373,0,0.04656124497991968,0.9860410577856852,0.5281828,1152,648,,,,,,,,
2026-03-21T16-20-47,fixture_001,07ff97a11634c3bce82ff82cac496680e7741df5,GRIN_Optical,0.04,0.04,2.2,,350,0.04,0.04,2.2,,ok,true,ok,0,0,164,,,,,,,,,70592,28.802,3278,67314,0,0.046435856754306434,0.9877828583208551,0.5065296,1152,648,,,,,,,,
2026-03-21T16-21-16,fixture_001,07ff97a11634c3bce82ff82cac496680e7741df5,GRIN_Optical,0.04,0.04,2.4,,350,0.04,0.04,2.4,,ok,true,ok,0,0,164,,,,,,,,,67808,28.721,3181,64627,0,0.046911868806040584,0.9854053591428825,0.5372889,1152,648,,,,,,,,
2026-03-21T16-21-45,fixture_001,07ff97a11634c3bce82ff82cac496680e7741df5,GRIN_Optical,0.04,0.04,2.6,,350,0.04,0.04,2.6,,ok,true,ok,0,0,164,,,,,,,,,66720,28.833,3014,63706,0,0.045173860911270985,0.9880372453362604,0.5073012,1152,648,,,,,,,,
2026-03-21T16-22-14,fixture_001,07ff97a11634c3bce82ff82cac496680e7741df5,GRIN_Optical,0.04,0.04,2.8,,350,0.04,0.04,2.8,,ok,true,ok,0,0,164,,,,,,,,,72352,28.421,3365,68987,0,0.04650873507297656,0.9851486799189194,0.55592483,1152,648,,,,,,,,
2026-03-21T16-24-22,fixture_001,07ff97a11634c3bce82ff82cac496680e7741df5,GRIN_Optical,0.04,0.04,2.4,,350,0.04,0.04,2.4,,ok,true,ok,0,0,164,,,,,,,,,68608,29.107,3045,65563,0,0.04438257929104478,0.9887328581060747,0.38117507,1152,648,,,,,,,,
2026-03-21T16-24-51,fixture_001,07ff97a11634c3bce82ff82cac496680e7741df5,GRIN_Optical,0.04,0.04,2.4,,350,0.04,0.04,2.4,,ok,true,ok,0,0,164,,,,,,,,,72416,28.579,3339,69077,0,0.04610859478568272,0.9860474345969429,0.51982594,1152,648,,,,,,,,
2026-03-21T16-25-20,fixture_001,07ff97a11634c3bce82ff82cac496680e7741df5,GRIN_Optical,0.04,0.04,2.4,,350,0.04,0.04,2.4,,ok,true,ok,0,0,164,,,,,,,,,70336,28.744,3229,67107,0,0.04590821201091902,0.9875735980907905,0.5164788,1152,648,,,,,,,,
2026-03-21T16-25-49,fixture_001,07ff97a11634c3bce82ff82cac496680e7741df5,GRIN_Optical,0.04,0.04,2.8,,350,0.04,0.04,2.8,,ok,true,ok,0,0,164,,,,,,,,,68640,28.868,3074,65566,0,0.044784382284382286,0.9890710161209605,0.36958537,1152,648,,,,,,,,
2026-03-21T16-26-18,fixture_001,07ff97a11634c3bce82ff82cac496680e7741df5,GRIN_Optical,0.04,0.04,2.8,,350,0.04,0.04,2.8,,ok,true,ok,0,0,164,,,,,,,,,71776,28.688,3329,68447,0,0.04638040570664289,0.9878743578475762,0.52458864,1152,648,,,,,,,,
2026-03-21T16-26-46,fixture_001,07ff97a11634c3bce82ff82cac496680e7741df5,GRIN_Optical,0.04,0.04,2.8,,350,0.04,0.04,2.8,,ok,true,ok,0,0,164,,,,,,,,,65696,28.784,2995,62701,0,0.0455887725280078,0.9894070972612582,0.43489003,1152,648,,,,,,,,
2026-03-21T16-53-08,fixture_001,07ff97a11634c3bce82ff82cac496680e7741df5,GRIN_Optical,0.04,0.04,2.4,0.01,350,0.04,0.04,2.4,0.01,ok,true,ok,0,0,164,,,,,,,,,69920,29.173,3204,66716,0,0.04582379862700229,0.9850725056775858,0.5565594,1152,648,,,,,,,,
2026-03-21T16-54-04,fixture_001,07ff97a11634c3bce82ff82cac496680e7741df5,GRIN_Optical,0.04,0.04,2.0,0.008,350,0.04,0.04,2.0,0.008,ok,true,ok,0,0,164,,,,,,,,,71008,28.858,3356,67652,0,0.047262280306444346,0.9877583997547698,0.50852513,1152,648,,,,,,,,
2026-03-21T16-54-33,fixture_001,07ff97a11634c3bce82ff82cac496680e7741df5,GRIN_Optical,0.04,0.04,2.4,0.008,350,0.04,0.04,2.4,0.008,ok,true,ok,0,0,164,,,,,,,,,70112,28.852,3233,66879,0,0.04611193518941123,0.9884710343294758,0.4838932,1152,648,,,,,,,,
2026-03-21T16-55-02,fixture_001,07ff97a11634c3bce82ff82cac496680e7741df5,GRIN_Optical,0.04,0.04,2.8,0.008,350,0.04,0.04,2.8,0.008,ok,true,ok,0,0,164,,,,,,,,,70912,28.957,3313,67599,0,0.04671987815884476,0.9873353730762933,0.5295996,1152,648,,,,,,,,
2026-03-21T16-55-31,fixture_001,07ff97a11634c3bce82ff82cac496680e7741df5,GRIN_Optical,0.04,0.04,2.0,0.01,350,0.04,0.04,2.0,0.01,ok,true,ok,0,0,164,,,,,,,,,69664,28.764,3234,66430,0,0.04642282958199357,0.9872408686382489,0.44942996,1152,648,,,,,,,,
2026-03-21T16-55-59,fixture_001,07ff97a11634c3bce82ff82cac496680e7741df5,GRIN_Optical,0.04,0.04,2.4,0.01,350,0.04,0.04,2.4,0.01,ok,true,ok,0,0,164,,,,,,,,,68544,28.993,3122,65422,0,0.04554738562091503,0.9885062753978279,0.38990965,1152,648,,,,,,,,
2026-03-21T16-56-28,fixture_001,07ff97a11634c3bce82ff82cac496680e7741df5,GRIN_Optical,0.04,0.04,2.8,0.01,350,0.04,0.04,2.8,0.01,ok,true,ok,0,0,164,,,,,,,,,70912,28.786,3271,67641,0,0.046127594765342964,0.987221441918281,0.53629625,1152,648,,,,,,,,
2026-03-21T16-56-57,fixture_001,07ff97a11634c3bce82ff82cac496680e7741df5,GRIN_Optical,0.04,0.04,2.0,0.012,350,0.04,0.04,2.0,0.012,ok,true,ok,0,0,164,,,,,,,,,71328,28.511,3369,67959,0,0.04723250336473755,0.9879599649349604,0.51726866,1152,648,,,,,,,,
2026-03-21T16-57-26,fixture_001,07ff97a11634c3bce82ff82cac496680e7741df5,GRIN_Optical,0.04,0.04,2.4,0.012,350,0.04,0.04,2.4,0.012,ok,true,ok,0,0,164,,,,,,,,,72576,28.574,3370,69206,0,0.046434082892416226,0.9840097222545904,0.6197381,1152,648,,,,,,,,
2026-03-21T16-57-55,fixture_001,07ff97a11634c3bce82ff82cac496680e7741df5,GRIN_Optical,0.04,0.04,2.8,0.012,350,0.04,0.04,2.8,0.012,ok,true,ok,0,0,164,,,,,,,,,71936,28.753,3383,68553,0,0.04702791370106762,0.9846969386526848,0.5770158,1152,648,,,,,,,,
2026-03-21T17-10-49,fixture_001,9ef569211b27757e7c87a1f510e7944b29d927b4,GRIN_Optical,0.04,,2.4,0.01,350,0.05,0.05,2.4,0.01,ok,true,ok,0,0,164,,,,,,,,,52864,29.354,2499,50365,0,0.04727224576271186,0.9931668271480794,0.27707002,1152,648,,,,,,,,
2026-03-21T17-12-03,fixture_001,9ef569211b27757e7c87a1f510e7944b29d927b4,GRIN_Optical,0.04,,2.4,0.01,350,0.05,0.05,2.4,0.01,ok,true,ok,0,0,164,,,,,,,,,53056,29.267,2520,50536,0,0.04749698431845597,0.9927966437388719,0.29089996,1152,648,,,,,,,,
2026-03-21T17-13-27,fixture_001,9ef569211b27757e7c87a1f510e7944b29d927b4,GRIN_Optical,0.04,,2.4,0.01,350,0.05,0.05,2.4,0.01,ok,true,ok,0,0,164,,,,,,,,,46784,29.562,2223,44561,0,0.04751624487004104,0.9882468871940105,0.4945041,1152,648,,,,,,,,
2026-03-21T17-15-17,fixture_001,9ef569211b27757e7c87a1f510e7944b29d927b4,GRIN_Optical,0.04,,2.0,0.012,350,0.05,0.05,2.0,0.012,ok,true,ok,0,0,164,,,,,,,,,45760,29.498,2131,43629,0,0.04656905594405594,0.9890368715241697,0.44104278,1152,648,,,,,,,,
2026-03-21T18-40-22,fixture_001,8acc166a5c564fed2fb36438cc376eab98082cf6,GRIN_Optical,0.04,,2.0,0.012,350,0.05,0.05,2.0,0.012,ok,true,ok,0,0,164,,,,,,,,,54720,29.804,2611,52109,0,0.0477156432748538,0.992570249064388,0.3007683,1152,648,,,,,,,,
2026-03-21T22-42-27,fixture_001,8acc166a5c564fed2fb36438cc376eab98082cf6,GRIN_Optical,0.04,,2.0,0.012,350,0.05,0.05,2,0.012,failed,false,ok,0,0,164,164,164,0,0,163,0,proc=0-163|skip=-|zero=-,,51904,30.925,2501,49403,0,0.04818511097410604,,,,,,,,,,,,
2026-03-21T22-45-16,fixture_001,8acc166a5c564fed2fb36438cc376eab98082cf6,GRIN_Optical,0.04,,2.0,0.012,350,0.04,0.04,2,0.012,failed,false,ok,0,0,164,164,164,0,0,163,0,proc=0-163|skip=-|zero=-,fixture001_runtime_fingerprint_v1_git_8acc166a5c56_utc_20260322T034520Z_sha_e8bb0aea9dc9abff,71360,29.393,3318,68042,0,0.04649663677130045,,,,,,,,,,,,
2026-03-21T22-46-22,fixture_001,8acc166a5c564fed2fb36438cc376eab98082cf6,GRIN_Optical,0.04,,2.0,0.012,350,0.04,0.04,2,0.012,ok,true,ok,0,0,164,164,164,0,0,163,0,proc=0-163|skip=-|zero=-,fixture001_runtime_fingerprint_v1_git_8acc166a5c56_utc_20260322T034626Z_sha_cf0366d8469056bf,66208,29.982,2993,63215,0,0.04520601739971,0.9882871917432134,0.4930301,1152,648,,,,,,,,
2026-03-22T00-18-58,fixture_001,8acc166a5c564fed2fb36438cc376eab98082cf6,GRIN_Optical,0.04,0.04,2.0,0.012,350,0.04,0.04,2,0.012,ok,true,ok,0,0,164,164,164,0,0,163,0,proc=0-163|skip=-|zero=-,fixture001_runtime_fingerprint_v1_git_8acc166a5c56_utc_20260322T051905Z_sha_cf0366d8469056bf,72416,30.4,3377,69039,0,0.046633340698188246,0.9844127481377548,0.6009485,1152,648,,,true,true,true,true,true,true
2026-03-22T00-19-57,fixture_001,8acc166a5c564fed2fb36438cc376eab98082cf6,GRIN_Optical,0.04,0.04,2.0,0.012,350,0.04,0.04,2,0.012,ok,true,ok,0,0,164,164,164,0,0,163,0,proc=0-163|skip=-|zero=-,fixture001_runtime_fingerprint_v1_git_8acc166a5c56_utc_20260322T052001Z_sha_cf0366d8469056bf,69792,29.955,3208,66584,0,0.04596515359926639,0.9888581135706428,0.45580062,1152,648,,,true,true,true,true,true,true
2026-03-22T00-20-31,fixture_001,8acc166a5c564fed2fb36438cc376eab98082cf6,GRIN_Optical,0.04,0.04,2.0,0.012,350,0.04,0.04,2,0.012,ok,true,ok,0,0,164,164,164,0,0,163,0,proc=0-163|skip=-|zero=-,fixture001_runtime_fingerprint_v1_git_8acc166a5c56_utc_20260322T052035Z_sha_cf0366d8469056bf,70368,29.644,3284,67084,0,0.04666894042746703,0.988074163334505,0.5010592,1152,648,,,true,true,true,true,true,true
2026-03-22T00-21-04,fixture_001,8acc166a5c564fed2fb36438cc376eab98082cf6,GRIN_Optical,0.04,0.04,2.4,0.01,350,0.04,0.04,2.4,0.01,ok,true,ok,0,0,164,164,164,0,0,163,0,proc=0-163|skip=-|zero=-,fixture001_runtime_fingerprint_v1_git_8acc166a5c56_utc_20260322T052108Z_sha_cf0366d8469056bf,70368,29.729,3229,67139,0,0.045887335152341974,0.988473128853706,0.48168823,1152,648,,,true,true,true,true,true,true
2026-03-22T00-21-38,fixture_001,8acc166a5c564fed2fb36438cc376eab98082cf6,GRIN_Optical,0.04,0.04,2.4,0.01,350,0.04,0.04,2.4,0.01,ok,true,ok,0,0,164,164,164,0,0,163,0,proc=0-163|skip=-|zero=-,fixture001_runtime_fingerprint_v1_git_8acc166a5c56_utc_20260322T052142Z_sha_cf0366d8469056bf,70624,29.701,3302,67322,0,0.046754644313547804,0.9880002510482387,0.503136,1152,648,,,true,true,true,true,true,true
2026-03-22T00-22-10,fixture_001,8acc166a5c564fed2fb36438cc376eab98082cf6,GRIN_Optical,0.04,0.04,2.4,0.01,350,0.04,0.04,2.4,0.01,ok,true,ok,0,0,164,164,164,0,0,163,0,proc=0-163|skip=-|zero=-,fixture001_runtime_fingerprint_v1_git_8acc166a5c56_utc_20260322T052215Z_sha_cf0366d8469056bf,70592,29.716,3234,67358,0,0.04581255666364461,0.9864911825609771,0.48659068,1152,648,,,true,true,true,true,true,true
2026-03-22T00-22-43,fixture_001,8acc166a5c564fed2fb36438cc376eab98082cf6,GRIN_Optical,0.04,0.04,3.2,0.01,350,0.04,0.04,3.2,0.01,ok,true,ok,0,0,164,164,164,0,0,163,0,proc=0-163|skip=-|zero=-,fixture001_runtime_fingerprint_v1_git_8acc166a5c56_utc_20260322T052248Z_sha_cf0366d8469056bf,69856,29.857,3231,66625,0,0.04625229042601924,0.9878047009319832,0.49802858,1152,648,,,true,true,true,true,true,true
2026-03-22T00-23-17,fixture_001,8acc166a5c564fed2fb36438cc376eab98082cf6,GRIN_Optical,0.04,0.04,3.2,0.01,350,0.04,0.04,3.2,0.01,ok,true,ok,0,0,164,164,164,0,0,163,0,proc=0-163|skip=-|zero=-,fixture001_runtime_fingerprint_v1_git_8acc166a5c56_utc_20260322T052322Z_sha_cf0366d8469056bf,72608,29.475,3424,69184,0,0.04715733803437638,0.984692116666306,0.5864122,1152,648,,,true,true,true,true,true,true
2026-03-22T00-23-50,fixture_001,8acc166a5c564fed2fb36438cc376eab98082cf6,GRIN_Optical,0.04,0.04,3.2,0.01,350,0.04,0.04,3.2,0.01,ok,true,ok,0,0,164,164,164,0,0,163,0,proc=0-163|skip=-|zero=-,fixture001_runtime_fingerprint_v1_git_8acc166a5c56_utc_20260322T052355Z_sha_cf0366d8469056bf,71392,29.613,3331,68061,0,0.046657888839085615,0.9863060464434567,0.5118652,1152,648,,,true,true,true,true,true,true
2026-03-22T13-00-10,fixture_001,5a207a0e6c35f7ed9f8c0722f270372d0e3e8a30,GRIN_Optical,0.04,0.04,3.2,0.01,350,0.04,0.04,3.2,0.01,ok,true,ok,0,0,164,164,164,0,0,163,0,proc=0-163|skip=-|zero=-,fixture001_runtime_fingerprint_v1_git_5a207a0e6c35_utc_20260322T180017Z_sha_c5b00f9a83cd5570,72928,27.964,3437,69491,0,0.047128674857393596,0.5068726921206747,103.772705,1152,648,diagnostic_flat,,true,true,true,true,true,true
2026-03-22T13-10-31,fixture_001,5a207a0e6c35f7ed9f8c0722f270372d0e3e8a30,GRIN_Optical,0.04,0.04,3.2,0.01,350,0.04,0.04,3.2,0.01,ok,true,ok,0,0,164,164,164,0,0,163,0,proc=0-163|skip=-|zero=-,fixture001_runtime_fingerprint_v1_git_5a207a0e6c35_utc_20260322T181038Z_sha_f81ed494c92425a3,72320,28.114,3336,68984,0,0.04612831858407079,,,480,270,diagnostic_flat,,true,true,true,true,true,true
2026-03-22T13-11-52,fixture_001,5a207a0e6c35f7ed9f8c0722f270372d0e3e8a30,GRIN_Optical,0.04,0.04,3.2,0.01,350,0.04,0.04,3.2,0.01,ok,true,ok,0,0,164,164,164,0,0,163,0,proc=0-163|skip=-|zero=-,fixture001_runtime_fingerprint_v1_git_5a207a0e6c35_utc_20260322T181156Z_sha_0300efc4a0c00dc2,70016,28.249,3188,66828,0,0.04553244972577696,,,480,270,diagnostic_flat,,true,true,true,true,true,true
2026-03-22T13-12-39,fixture_001,5a207a0e6c35f7ed9f8c0722f270372d0e3e8a30,GRIN_Optical,0.04,0.04,3.2,0.01,350,0.04,0.04,3.2,0.01,ok,true,ok,0,0,164,164,164,0,0,163,0,proc=0-163|skip=-|zero=-,fixture001_runtime_fingerprint_v1_git_5a207a0e6c35_utc_20260322T181243Z_sha_f98a1b2943217e68,72224,27.991,3380,68844,0,0.046798848028356224,,,480,270,diagnostic_flat,,true,true,true,true,true,true
2026-03-22T14-44-46,fixture_001,5a207a0e6c35f7ed9f8c0722f270372d0e3e8a30,GRIN_Optical,0.04,0.04,3.2,0.01,350,0.04,0.04,3.2,0.01,ok,true,ok,0,0,164,164,164,0,0,163,0,proc=0-163|skip=-|zero=-,fixture001_runtime_fingerprint_v1_git_5a207a0e6c35_utc_20260322T194452Z_sha_78eb24c084c8e9f5,70656,28.82,3331,67325,0,0.04714390851449275,,,480,270,diagnostic_flat,,true,true,true,true,true,true
2026-03-22T14-46-30,fixture_001,5a207a0e6c35f7ed9f8c0722f270372d0e3e8a30,GRIN_Optical,0.04,0.04,3.2,0.01,350,0.04,0.04,3.2,0.01,ok,true,ok,0,0,164,164,164,0,0,163,0,proc=0-163|skip=-|zero=-,fixture001_runtime_fingerprint_v1_git_5a207a0e6c35_utc_20260322T194635Z_sha_21ee2d7e9e3accbb,72000,28.572,3364,68636,0,0.04672222222222222,,,480,270,diagnostic_flat,,true,true,true,true,true,true
2026-03-22T15-04-26,fixture_001,5a207a0e6c35f7ed9f8c0722f270372d0e3e8a30,GRIN_Optical,0.04,0.04,3.2,0.01,350,0.04,0.04,3.2,0.01,ok,true,ok,0,0,164,164,164,0,0,163,0,proc=0-163|skip=-|zero=-,fixture001_runtime_fingerprint_v1_git_5a207a0e6c35_utc_20260322T200431Z_sha_a35d5954c7de41e8,69952,28.844,3265,66687,0,0.04667486276303751,,,480,270,diagnostic_flat,,true,true,true,true,true,true
2026-03-22T15-23-32,fixture_001,5a207a0e6c35f7ed9f8c0722f270372d0e3e8a30,GRIN_Optical,0.04,0.04,3.2,0.01,350,0.04,0.04,3.2,0.01,ok,true,ok,0,0,164,164,164,0,0,163,0,proc=0-163|skip=-|zero=-,fixture001_runtime_fingerprint_v1_git_5a207a0e6c35_utc_20260322T202339Z_sha_bc5f8cb10dfe3c9d,71200,28.828,3363,67837,0,0.04723314606741573,,,480,270,diagnostic_flat,,true,true,true,true,true,true
2026-03-22T15-25-14,fixture_001,5a207a0e6c35f7ed9f8c0722f270372d0e3e8a30,GRIN_Optical,0.04,0.04,3.2,0.01,350,0.04,0.04,3.2,0.01,ok,true,ok,0,0,164,164,164,0,0,163,0,proc=0-163|skip=-|zero=-,fixture001_runtime_fingerprint_v1_git_5a207a0e6c35_utc_20260322T202519Z_sha_cd303ce9d1174cd2,71424,28.965,3310,68114,0,0.04634296594982079,,,480,270,diagnostic_flat,,true,true,true,true,true,true
2026-03-22T15-38-08,fixture_001,9940c8e83b47975a83421e5b2d0f65781a759404,GRIN_Optical,0.04,,3.2,0.01,350,0.04,0.04,3.2,0.01,ok,true,ok,0,0,164,164,164,0,0,163,0,proc=0-163|skip=-|zero=-,fixture001_runtime_fingerprint_v1_git_9940c8e83b47_utc_20260322T203814Z_sha_cd303ce9d1174cd2,67200,29.149,3072,64128,0,0.045714285714285714,,,480,270,diagnostic_flat,,true,true,true,true,true,true
2026-03-22T15-41-43,fixture_001,9940c8e83b47975a83421e5b2d0f65781a759404,GRIN_Optical,0.04,,2.0,0.012,350,0.04,0.04,2,0.012,ok,true,ok,0,0,164,164,164,0,0,163,0,proc=0-163|skip=-|zero=-,fixture001_runtime_fingerprint_v1_git_9940c8e83b47_utc_20260322T204148Z_sha_cd303ce9d1174cd2,59744,29.448,2818,56926,0,0.04716791644349223,,,480,270,diagnostic_flat,,true,true,true,true,true,true
2026-03-22T15-41-43,fixture_001,9940c8e83b47975a83421e5b2d0f65781a759404,GRIN_Optical,0.04,,2.0,0.012,350,0.04,0.04,2,0.012,ok,true,ok,0,0,164,164,164,0,0,163,0,proc=0-163|skip=-|zero=-,fixture001_runtime_fingerprint_v1_git_9940c8e83b47_utc_20260322T204148Z_sha_cd303ce9d1174cd2,59744,29.448,2818,56926,0,0.04716791644349223,,,480,270,diagnostic_flat,,true,true,true,true,true,true
2026-03-22T15-42-24,fixture_001,9940c8e83b47975a83421e5b2d0f65781a759404,GRIN_Optical,0.04,,2.4,0.01,350,0.04,0.04,2.4,0.01,ok,true,ok,0,0,164,164,164,0,0,163,0,proc=0-163|skip=-|zero=-,fixture001_runtime_fingerprint_v1_git_9940c8e83b47_utc_20260322T204228Z_sha_cd303ce9d1174cd2,69824,28.823,3233,66591,0,0.04630213107241063,,,480,270,diagnostic_flat,,true,true,true,true,true,true
2026-03-22T15-43-00,fixture_001,9940c8e83b47975a83421e5b2d0f65781a759404,GRIN_Optical,0.04,,2.0,0.012,350,0.04,0.04,2,0.012,ok,true,ok,0,0,164,164,164,0,0,163,0,proc=0-163|skip=-|zero=-,fixture001_runtime_fingerprint_v1_git_9940c8e83b47_utc_20260322T204304Z_sha_cd303ce9d1174cd2,71296,28.694,3293,68003,0,0.046187724416517056,,,480,270,diagnostic_flat,,true,true,true,true,true,true
2026-03-22T16-10-07,fixture_002,38c20f60f0de4bd7c5da01c018d92cfa25cefa28,GRIN_Optical,,,,,350,0.05,0.05,4,0.01,ok,true,ok,0,0,164,164,164,0,0,163,0,proc=0-163|skip=-|zero=-,fixture002_runtime_fingerprint_v1_git_38c20f60f0de_utc_20260322T211013Z_sha_ffab9fb1b7957163,56032,29.513,2250,53782,0,0.040155625356938895,,,480,270,diagnostic_flat,,true,true,false,true,true,false
2026-03-22T16-10-52,fixture_002,38c20f60f0de4bd7c5da01c018d92cfa25cefa28,GRIN_Optical,0.05,0.05,,,350,0.05,0.05,4,0.01,ok,true,ok,0,0,164,164,164,0,0,163,0,proc=0-163|skip=-|zero=-,fixture002_runtime_fingerprint_v1_git_38c20f60f0de_utc_20260322T211057Z_sha_ffab9fb1b7957163,55456,29.052,2187,53269,0,0.0394366705135603,,,480,270,diagnostic_flat,,true,true,true,true,true,true
2026-03-22T16-56-54,fixture_003,b9453cb564e6ce40dbe598cfa989bad7d40aabad,GRIN_Optical,0.04,,3.2,0.01,350,0.04,0.04,3.2,0.01,ok,true,ok,1,1,172,164,164,0,0,171,8,"proc=0-7,16-171|skip=-|zero=0-7",fixture003_runtime_fingerprint_v1_git_b9453cb564e6_utc_20260322T215700Z_sha_fc8ae0ad07762ef8,68096,29.244,971,67125,0,0.014259281015037595,,,480,270,diagnostic_flat,,true,true,true,true,false,false
2026-03-22T16-58-42,fixture_003,b9453cb564e6ce40dbe598cfa989bad7d40aabad,GRIN_Optical,0.04,,3.2,0.01,350,0.04,0.04,3.2,0.01,ok,true,ok,1,1,172,164,164,0,0,171,8,"proc=0-7,16-171|skip=-|zero=0-7",fixture003_runtime_fingerprint_v1_git_b9453cb564e6_utc_20260322T215847Z_sha_fc8ae0ad07762ef8,69120,29.105,992,68128,0,0.014351851851851852,,,480,270,diagnostic_flat,,true,true,true,true,false,false
2026-03-22T17-03-53,fixture_003,b9453cb564e6ce40dbe598cfa989bad7d40aabad,GRIN_Optical,0.04,,2.4,0.01,350,0.04,0.04,2.4,0.01,ok,true,ok,0,0,164,164,164,0,0,163,8,proc=0-163|skip=-|zero=0-7,fixture003_runtime_fingerprint_v1_git_b9453cb564e6_utc_20260322T220358Z_sha_fc8ae0ad07762ef8,70464,29.029,1013,69451,0,0.014376135331516804,,,480,270,diagnostic_flat,,true,true,true,true,true,true
2026-03-22T17-04-38,fixture_003,b9453cb564e6ce40dbe598cfa989bad7d40aabad,GRIN_Optical,0.04,,2.8,0.01,350,0.04,0.04,2.8,0.01,ok,true,ok,1,1,172,164,164,0,0,171,8,"proc=0-7,16-171|skip=-|zero=0-7",fixture003_runtime_fingerprint_v1_git_b9453cb564e6_utc_20260322T220442Z_sha_fc8ae0ad07762ef8,70848,29.081,1000,69848,0,0.014114724480578138,,,480,270,diagnostic_flat,,true,true,true,true,false,false
2026-03-22T17-05-16,fixture_003,b9453cb564e6ce40dbe598cfa989bad7d40aabad,GRIN_Optical,0.04,,3.2,0.01,350,0.04,0.04,3.2,0.01,ok,true,ok,1,1,172,164,164,0,0,171,8,"proc=0-7,16-171|skip=-|zero=0-7",fixture003_runtime_fingerprint_v1_git_b9453cb564e6_utc_20260322T220520Z_sha_fc8ae0ad07762ef8,68928,28.956,965,67963,0,0.014000116063138347,,,480,270,diagnostic_flat,,true,true,true,true,false,false
2026-03-22T20-22-49,fixture_004,4a6317b6dd9a3b351de223145708523ef31fcb43,GRIN_Optical,0.04,,2.4,0.01,350,0.04,0.04,2.4,0.01,ok,true,ok,1,1,172,164,164,0,0,171,156,"proc=0-7,16-171|skip=-|zero=0-7,16-131,140-171",fixture004_runtime_fingerprint_v1_git_4a6317b6dd9a_utc_20260323T012256Z_sha_cd9160e5937ebbb1,71840,29.839,53,71787,0,0.000737750556792873,,,480,270,diagnostic_flat,,true,true,true,true,false,false
2026-03-22T20-23-50,fixture_004,4a6317b6dd9a3b351de223145708523ef31fcb43,GRIN_Optical,0.04,,2.4,0.01,350,0.04,0.04,2.4,0.01,ok,true,ok,0,0,164,164,164,0,0,163,156,"proc=0-163|skip=-|zero=0-131,140-163",fixture004_runtime_fingerprint_v1_git_4a6317b6dd9a_utc_20260323T012355Z_sha_cd9160e5937ebbb1,72288,29.064,33,72255,0,0.00045650730411686584,,,480,270,diagnostic_flat,,true,true,true,true,true,true
2026-03-22T21-58-09,fixture_004,4a6317b6dd9a3b351de223145708523ef31fcb43,GRIN_Optical,0.04,,2.4,0.01,350,0.04,0.04,2.4,0.01,ok,true,ok,0,0,164,164,164,0,0,163,124,"proc=0-163|skip=-|zero=32-131,140-163",fixture004_runtime_fingerprint_v1_git_4a6317b6dd9a_utc_20260323T025816Z_sha_cd9160e5937ebbb1,70720,30.589,359,70361,0,0.005076357466063349,,,480,270,diagnostic_flat,,true,true,true,true,true,true
2026-03-23T07-54-28,fixture_004,4a6317b6dd9a3b351de223145708523ef31fcb43,GRIN_Optical,0.04,,2.4,0.01,350,0.04,0.04,2.4,0.01,ok,true,ok,0,0,164,164,164,0,0,163,156,"proc=0-163|skip=-|zero=0-131,140-163",fixture004_runtime_fingerprint_v1_git_4a6317b6dd9a_utc_20260323T125435Z_sha_cd9160e5937ebbb1,62880,31.151,51,62829,0,0.0008110687022900763,,,480,270,diagnostic_flat,,true,true,true,true,true,true
2026-03-23T19-44-02,fixture_004,4a6317b6dd9a3b351de223145708523ef31fcb43,GRIN_Optical,0.04,,2.4,0.01,350,0.04,0.04,2.4,0.01,ok,true,ok,0,0,164,164,164,0,0,163,124,"proc=0-163|skip=-|zero=32-131,140-163",fixture004_runtime_fingerprint_v1_git_4a6317b6dd9a_utc_20260324T004410Z_sha_cd9160e5937ebbb1,70944,30.004,366,70578,0,0.005158998646820027,,,480,270,diagnostic_flat,,true,true,true,true,true,true
2026-03-23T19-50-42,fixture_004,4a6317b6dd9a3b351de223145708523ef31fcb43,GRIN_Optical,0.04,,2.4,0.01,350,0.04,0.04,2.4,0.01,ok,true,ok,0,0,164,164,164,0,0,163,60,"proc=0-163|skip=-|zero=36-43,88-123,148-163",fixture004_runtime_fingerprint_v1_git_4a6317b6dd9a_utc_20260324T005048Z_sha_cd9160e5937ebbb1,67616,29.354,519,67097,0,0.007675698059630857,,,480,270,diagnostic_flat,,true,true,true,true,true,true
2026-03-23T19-54-41,fixture_004,4a6317b6dd9a3b351de223145708523ef31fcb43,GRIN_Optical,0.04,,2.4,0.01,350,0.04,0.04,2.4,0.01,ok,true,ok,0,0,164,164,164,0,0,163,128,"proc=0-163|skip=-|zero=0-111,120-127,144-147,160-163",fixture004_runtime_fingerprint_v1_git_4a6317b6dd9a_utc_20260324T005446Z_sha_cd9160e5937ebbb1,70912,29.344,150,70762,0,0.002115297833935018,,,480,270,diagnostic_flat,,true,true,true,true,true,true
2026-03-23T21-27-29,fixture_004,24fc3ed24e37e24b2e99c5bb6eebf43e2dfc3d73,GRIN_Optical,0.04,,2.4,0.01,350,0.04,0.04,2.4,0.01,ok,true,ok,0,0,164,164,164,0,0,163,132,"proc=0-163|skip=-|zero=0-115,124-127,144-147,156-163",fixture004_runtime_fingerprint_v1_git_24fc3ed24e37_utc_20260324T022735Z_sha_cd9160e5937ebbb1,71712,29.848,135,71577,0,0.0018825301204819277,,,480,270,diagnostic_flat,,true,true,true,true,true,true
2026-03-23T21-35-57,fixture_004,24fc3ed24e37e24b2e99c5bb6eebf43e2dfc3d73,GRIN_Optical,0.04,,2.4,0.01,350,0.04,0.04,2.4,0.01,ok,true,ok,1,1,172,164,164,0,0,171,96,"proc=0-7,16-171|skip=-|zero=0-7,16-59,100-119,148-171",fixture004_runtime_fingerprint_v1_git_24fc3ed24e37_utc_20260324T023603Z_sha_cd9160e5937ebbb1,73248,29.624,1986,71262,0,0.027113368283093055,,,480,270,diagnostic_flat,,true,true,true,true,false,false
2026-03-23T21-38-14,fixture_004,24fc3ed24e37e24b2e99c5bb6eebf43e2dfc3d73,GRIN_Optical,0.04,,2.4,0.01,350,0.04,0.04,2.4,0.01,ok,true,ok,1,1,172,164,164,0,0,171,136,"proc=0-7,16-171|skip=-|zero=0-7,16-119,148-171",fixture004_runtime_fingerprint_v1_git_24fc3ed24e37_utc_20260324T023819Z_sha_cd9160e5937ebbb1,71968,29.458,882,71086,0,0.012255446865273455,,,480,270,diagnostic_flat,,true,true,true,true,false,false
2026-03-23T21-39-16,fixture_004,24fc3ed24e37e24b2e99c5bb6eebf43e2dfc3d73,GRIN_Optical,0.04,,2.4,0.01,350,0.04,0.04,2.4,0.01,ok,true,ok,1,1,172,164,164,0,0,171,136,"proc=0-7,16-171|skip=-|zero=0-7,16-119,148-171",fixture004_runtime_fingerprint_v1_git_24fc3ed24e37_utc_20260324T023921Z_sha_cd9160e5937ebbb1,70272,29.722,881,69391,0,0.012536999089253188,,,480,270,diagnostic_flat,,true,true,true,true,false,false
2026-03-23T21-40-43,fixture_004,24fc3ed24e37e24b2e99c5bb6eebf43e2dfc3d73,GRIN_Optical,0.04,,2.4,0.01,350,0.04,0.04,2.4,0.01,ok,true,ok,0,0,164,164,164,0,0,163,136,"proc=0-163|skip=-|zero=0-119,148-163",fixture004_runtime_fingerprint_v1_git_24fc3ed24e37_utc_20260324T024048Z_sha_cd9160e5937ebbb1,69824,29.384,888,68936,0,0.01271769019248396,,,480,270,diagnostic_flat,,true,true,true,true,true,true
2026-03-23T21-42-16,fixture_004,24fc3ed24e37e24b2e99c5bb6eebf43e2dfc3d73,GRIN_Optical,0.04,,2.4,0.01,350,0.04,0.04,2.4,0.01,ok,true,ok,0,0,164,164,164,0,0,163,156,"proc=0-163|skip=-|zero=0-131,140-163",fixture004_runtime_fingerprint_v1_git_24fc3ed24e37_utc_20260324T024222Z_sha_cd9160e5937ebbb1,72288,29.425,42,72246,0,0.0005810092961487384,,,480,270,diagnostic_flat,,true,true,true,true,true,true
2026-03-26T21-14-34,fixture_001,4c0a78738ededcdab9e27f08d1266235b6db7ca8,GRIN_Optical,,,,,350,0.05,0.05,4,0.01,ok,true,ok,0,0,164,164,164,0,0,163,0,proc=0-163|skip=-|zero=-,fixture001_runtime_fingerprint_v1_git_4c0a78738ede_utc_20260327T021441Z_sha_41b5740aa534f43b,48864,30.491,2364,46500,0,0.04837917485265226,0.026181798094592257,150.43063,480,270,diagnostic_flat,,true,true,false,true,true,false
2026-03-26T21-15-16,fixture_002,4c0a78738ededcdab9e27f08d1266235b6db7ca8,GRIN_Optical,,,,,350,0.05,0.05,4,0.01,ok,true,ok,0,0,164,164,164,0,0,163,0,proc=0-163|skip=-|zero=-,fixture002_runtime_fingerprint_v1_git_4c0a78738ede_utc_20260327T021522Z_sha_41b5740aa534f43b,54880,30.152,2149,52731,0,0.03915816326530612,0.9962902268132824,0.21206276,480,270,diagnostic_flat,,true,true,false,true,true,false
2026-03-26T21-15-57,fixture_003,4c0a78738ededcdab9e27f08d1266235b6db7ca8,GRIN_Optical,0.04,,3.2,0.01,350,0.04,0.04,3.2,0.01,ok,true,ok,1,1,172,164,164,0,0,171,0,"proc=0-7,16-171|skip=-|zero=-",fixture003_runtime_fingerprint_v1_git_4c0a78738ede_utc_20260327T021603Z_sha_41b5740aa534f43b,69472,29.89,2552,66920,0,0.03673422385997236,0.8958978756180093,4.7265563,480,270,diagnostic_flat,,true,true,true,true,false,false
2026-03-26T21-17-39,fixture_004,4c0a78738ededcdab9e27f08d1266235b6db7ca8,GRIN_Optical,0.04,,2.4,0.01,350,0.04,0.04,2.4,0.01,ok,true,ok,0,0,164,164,164,0,0,163,136,"proc=0-163|skip=-|zero=0-119,148-163",fixture004_runtime_fingerprint_v1_git_4c0a78738ede_utc_20260327T021746Z_sha_41b5740aa534f43b,68800,29.807,878,67922,0,0.012761627906976745,0.9869027597137142,0.9488169,480,270,diagnostic_flat,,true,true,true,true,true,true
2026-03-26T21-28-13,fixture_003,4c0a78738ededcdab9e27f08d1266235b6db7ca8,GRIN_Optical,0.04,,2.4,0.01,350,0.04,0.04,2.4,0.01,ok,true,ok,0,0,164,164,164,0,0,163,0,proc=0-163|skip=-|zero=-,fixture003_runtime_fingerprint_v1_git_4c0a78738ede_utc_20260327T022822Z_sha_41b5740aa534f43b,55584,30.354,2054,53530,0,0.03695308002302821,0.9406110878582399,3.352559,480,270,diagnostic_flat,,true,true,true,true,true,true
2026-03-26T21-29-05,fixture_003,4c0a78738ededcdab9e27f08d1266235b6db7ca8,GRIN_Optical,0.04,,2.4,0.01,350,0.04,0.04,2.4,0.01,ok,true,ok,0,0,164,164,164,0,0,163,0,proc=0-163|skip=-|zero=-,fixture003_runtime_fingerprint_v1_git_4c0a78738ede_utc_20260327T022912Z_sha_41b5740aa534f43b,58528,30.314,2241,56287,0,0.0382893657736468,0.9412155987247006,3.5569701,480,270,diagnostic_flat,,true,true,true,true,true,true
2026-03-26T22-21-35,fixture_003,422d38fdb3cbde6b3acd8d5474a75e806d5f1d2a,GRIN_Optical,0.04,,2.4,0.01,350,0.04,0.04,2.4,0.01,failed,false,ok,0,0,164,164,164,0,0,163,0,proc=0-163|skip=-|zero=-,fixture003_runtime_fingerprint_v1_git_422d38fdb3cb_utc_20260327T032142Z_sha_41b5740aa534f43b,69632,30.604,2535,67097,0,0.03640567555147059,,,480,270,diagnostic_flat,,true,true,true,true,false,false
