roi_id,object_id,x,y,reference_step_length,required_precision,max_decision_risk,collider_flip_any,hit_ownership_change_any,max_hit_distance_delta,max_normal_angle_delta
geometry:25836914057:edge_midpoint:6,geometry:25836914057,160,24,0.003125,0.003125,5.400087,False,False,0,0
geometry:25836914057:edge_midpoint:6,geometry:25836914057,162,24,0.003125,0.003125,5.399914,False,False,0,0
geometry:25836914057:edge_midpoint:6,geometry:25836914057,158,24,0.003125,0.003125,5.39997,False,False,0,0
geometry:25836914057:edge_midpoint:6,geometry:25836914057,160,26,0.003125,0.003125,3.587299,True,True,0,1.570796
geometry:25836914057:edge_midpoint:6,geometry:25836914057,160,22,0.003125,0.003125,5.3999,False,False,0,0
geometry:25836914057:edge_midpoint:6,geometry:25836914057,162,26,0.003125,0.003125,3.587258,True,True,0,1.570796
geometry:25836914057:edge_midpoint:6,geometry:25836914057,162,22,0.003125,0.003125,5.399909,False,False,0,0
geometry:25836914057:edge_midpoint:6,geometry:25836914057,158,26,0.003125,0.003125,3.587291,True,True,0,1.570796
geometry:25836914057:edge_midpoint:6,geometry:25836914057,158,22,0.003125,0.003125,5.399886,False,False,0,0
geometry:25836914057:edge_midpoint:6,geometry:25836914057,164,24,0.003125,0.003125,5.399884,False,False,0,0
geometry:25836914057:edge_midpoint:6,geometry:25836914057,156,24,0.003125,0.003125,5.399956,False,False,0,0
geometry:25836914057:edge_midpoint:6,geometry:25836914057,160,28,0.003125,0.003125,3.584932,True,True,0,1.570796
geometry:25836914057:edge_midpoint:6,geometry:25836914057,160,20,0.003125,0.003125,5.399995,False,False,0,0
geometry:25836914057:edge_midpoint:6,geometry:25836914057,164,28,0.003125,0.003125,3.585019,True,True,0,1.570796
geometry:25836914057:edge_midpoint:6,geometry:25836914057,164,20,0.003125,0.003125,5.399814,False,False,0,0
geometry:25836914057:edge_midpoint:6,geometry:25836914057,156,28,0.003125,0.003125,3.585024,True,True,0,1.570796
geometry:25836914057:edge_midpoint:6,geometry:25836914057,156,20,0.003125,0.003125,5.400001,False,False,0,0
geometry:25836914057:edge_midpoint:6,geometry:25836914057,157,20,0.003125,0.003125,5.399948,False,False,0,0
geometry:25836914057:edge_midpoint:6,geometry:25836914057,158,20,0.003125,0.003125,5.399975,False,False,0,0
geometry:25836914057:edge_midpoint:6,geometry:25836914057,159,20,0.003125,0.003125,5.399995,False,False,0,0
geometry:25836914057:edge_midpoint:6,geometry:25836914057,161,20,0.003125,0.003125,5.399975,False,False,0,0
geometry:25836914057:edge_midpoint:6,geometry:25836914057,162,20,0.003125,0.003125,5.399948,False,False,0,0
geometry:25836914057:edge_midpoint:6,geometry:25836914057,163,20,0.003125,0.003125,5.400001,False,False,0,0
geometry:25836914057:edge_midpoint:6,geometry:25836914057,156,21,0.003125,0.003125,5.399951,False,False,0,0
geometry:25836914057:edge_midpoint:6,geometry:25836914057,157,21,0.003125,0.003125,5.399913,False,False,0,0
geometry:25836914057:edge_midpoint:6,geometry:25836914057,158,21,0.003125,0.003125,5.399953,False,False,0,0
geometry:25836914057:edge_midpoint:6,geometry:25836914057,159,21,0.003125,0.003125,5.399971,False,False,0,0
geometry:25836914057:edge_midpoint:6,geometry:25836914057,160,21,0.003125,0.003125,5.399971,False,False,0,0
geometry:25836914057:edge_midpoint:6,geometry:25836914057,161,21,0.003125,0.003125,5.399953,False,False,0,0
geometry:25836914057:edge_midpoint:6,geometry:25836914057,162,21,0.003125,0.003125,5.399913,False,False,0,0
geometry:25836914057:edge_midpoint:6,geometry:25836914057,163,21,0.003125,0.003125,5.399951,False,False,0,0
geometry:25836914057:edge_midpoint:6,geometry:25836914057,164,21,0.003125,0.003125,5.400183,False,False,0,0
geometry:25836914057:edge_midpoint:6,geometry:25836914057,156,22,0.003125,0.003125,5.399886,False,False,0,0
geometry:25836914057:edge_midpoint:6,geometry:25836914057,157,22,0.003125,0.003125,5.399909,False,False,0,0
geometry:25836914057:edge_midpoint:6,geometry:25836914057,159,22,0.003125,0.003125,5.3999,False,False,0,0
geometry:25836914057:edge_midpoint:6,geometry:25836914057,161,22,0.003125,0.003125,5.399886,False,False,0,0
geometry:25836914057:edge_midpoint:6,geometry:25836914057,163,22,0.003125,0.003125,5.399886,False,False,0,0
geometry:25836914057:edge_midpoint:6,geometry:25836914057,164,22,0.003125,0.003125,5.400002,False,False,0,0
geometry:25836914057:edge_midpoint:6,geometry:25836914057,156,23,0.003125,0.003125,5.400137,False,False,0,0
geometry:25836914057:edge_midpoint:6,geometry:25836914057,157,23,0.003125,0.003125,5.400128,False,False,0,0
geometry:25836914057:edge_midpoint:6,geometry:25836914057,158,23,0.003125,0.003125,5.400154,False,False,0,0
geometry:25836914057:edge_midpoint:6,geometry:25836914057,159,23,0.003125,0.003125,5.399851,False,False,0,0
geometry:25836914057:edge_midpoint:6,geometry:25836914057,160,23,0.003125,0.003125,5.399851,False,False,0,0
geometry:25836914057:edge_midpoint:6,geometry:25836914057,161,23,0.003125,0.003125,5.400154,False,False,0,0
geometry:25836914057:edge_midpoint:6,geometry:25836914057,162,23,0.003125,0.003125,5.400128,False,False,0,0
geometry:25836914057:edge_midpoint:6,geometry:25836914057,163,23,0.003125,0.003125,5.400137,False,False,0,0
geometry:25836914057:edge_midpoint:6,geometry:25836914057,164,23,0.003125,0.003125,5.399954,False,False,0,0
geometry:25836914057:edge_midpoint:6,geometry:25836914057,157,24,0.003125,0.003125,5.399914,False,False,0,0
geometry:25836914057:edge_midpoint:6,geometry:25836914057,159,24,0.003125,0.003125,5.400087,False,False,0,0
geometry:25836914057:edge_midpoint:6,geometry:25836914057,161,24,0.003125,0.003125,5.39997,False,False,0,0
geometry:25836914057:edge_midpoint:6,geometry:25836914057,163,24,0.003125,0.003125,5.399956,False,False,0,0
geometry:25836914057:edge_midpoint:6,geometry:25836914057,156,25,0.003125,0.003125,3.591245,True,True,0,1.570796
geometry:25836914057:edge_midpoint:6,geometry:25836914057,157,25,0.003125,0.003125,3.591246,True,True,0,1.570796
geometry:25836914057:edge_midpoint:6,geometry:25836914057,158,25,0.003125,0.003125,3.591268,True,True,0,1.570796
geometry:25836914057:edge_midpoint:6,geometry:25836914057,159,25,0.003125,0.003125,3.591274,True,True,0,1.570796
geometry:25836914057:edge_midpoint:6,geometry:25836914057,160,25,0.003125,0.003125,3.591274,True,True,0,1.570796
geometry:25836914057:edge_midpoint:6,geometry:25836914057,161,25,0.003125,0.003125,3.591268,True,True,0,1.570796
geometry:25836914057:edge_midpoint:6,geometry:25836914057,162,25,0.003125,0.003125,3.591246,True,True,0,1.570796
geometry:25836914057:edge_midpoint:6,geometry:25836914057,163,25,0.003125,0.003125,3.591245,True,True,0,1.570796
geometry:25836914057:edge_midpoint:6,geometry:25836914057,164,25,0.003125,0.003125,3.591197,True,True,0,1.570796
geometry:25836914057:edge_midpoint:6,geometry:25836914057,156,26,0.003125,0.003125,3.587366,True,True,0,1.570796
geometry:25836914057:edge_midpoint:6,geometry:25836914057,157,26,0.003125,0.003125,3.587258,True,True,0,1.570796
geometry:25836914057:edge_midpoint:6,geometry:25836914057,159,26,0.003125,0.003125,3.587299,True,True,0,1.570796
geometry:25836914057:edge_midpoint:6,geometry:25836914057,161,26,0.003125,0.003125,3.587291,True,True,0,1.570796
geometry:25836914057:edge_midpoint:6,geometry:25836914057,163,26,0.003125,0.003125,3.587366,True,True,0,1.570796
geometry:25836914057:edge_midpoint:6,geometry:25836914057,164,26,0.003125,0.003125,3.587351,True,True,0,1.570796
geometry:25836914057:edge_midpoint:6,geometry:25836914057,156,27,0.003125,0.003125,3.585035,True,True,0,1.570796
geometry:25836914057:edge_midpoint:6,geometry:25836914057,157,27,0.003125,0.003125,3.584942,True,True,0,1.570796
geometry:25836914057:edge_midpoint:6,geometry:25836914057,158,27,0.003125,0.003125,3.584934,True,True,0,1.570796
geometry:25836914057:edge_midpoint:6,geometry:25836914057,159,27,0.003125,0.003125,3.58494,True,True,0,1.570796
geometry:25836914057:edge_midpoint:6,geometry:25836914057,160,27,0.003125,0.003125,3.58494,True,True,0,1.570796
geometry:25836914057:edge_midpoint:6,geometry:25836914057,161,27,0.003125,0.003125,3.584934,True,True,0,1.570796
geometry:25836914057:edge_midpoint:6,geometry:25836914057,162,27,0.003125,0.003125,3.584942,True,True,0,1.570796
geometry:25836914057:edge_midpoint:6,geometry:25836914057,163,27,0.003125,0.003125,3.585035,True,True,0,1.570796
geometry:25836914057:edge_midpoint:6,geometry:25836914057,164,27,0.003125,0.003125,3.584986,True,True,0,1.570796
geometry:25836914057:edge_midpoint:6,geometry:25836914057,157,28,0.003125,0.003125,3.584931,True,True,0,1.570796
geometry:25836914057:edge_midpoint:6,geometry:25836914057,158,28,0.003125,0.003125,3.584959,True,True,0,1.570796
geometry:25836914057:edge_midpoint:6,geometry:25836914057,159,28,0.003125,0.003125,3.584932,True,True,0,1.570796
geometry:25836914057:edge_midpoint:6,geometry:25836914057,161,28,0.003125,0.003125,3.584959,True,True,0,1.570796
geometry:25836914057:edge_midpoint:6,geometry:25836914057,162,28,0.003125,0.003125,3.584931,True,True,0,1.570796
geometry:25836914057:edge_midpoint:6,geometry:25836914057,163,28,0.003125,0.003125,3.585024,True,True,0,1.570796
manual_roi:40:35:geometry:25836914057:edge_midpoint:6,geometry:25836914057,40,35,0.003125,0.003125,3.647406,True,True,0,1.570796
manual_roi:40:35:geometry:25836914057:edge_midpoint:6,geometry:25836914057,42,35,0.003125,0.003125,3.647444,True,True,0,1.570796
manual_roi:40:35:geometry:25836914057:edge_midpoint:6,geometry:25836914057,38,35,0.003125,0.003125,3.653717,True,True,0,1.570796
manual_roi:40:35:geometry:25836914057:edge_midpoint:6,geometry:25836914057,40,37,0.003125,0.003125,3.64737,True,True,0,1.570796
manual_roi:40:35:geometry:25836914057:edge_midpoint:6,geometry:25836914057,40,33,0.003125,0.003125,3.653625,True,True,0,1.570796
manual_roi:40:35:geometry:25836914057:edge_midpoint:6,geometry:25836914057,42,37,0.003125,0.003125,3.641949,True,True,0,1.570796
manual_roi:40:35:geometry:25836914057:edge_midpoint:6,geometry:25836914057,42,33,0.003125,0.003125,3.649763,True,True,0,1.570796
manual_roi:40:35:geometry:25836914057:edge_midpoint:6,geometry:25836914057,38,37,0.003125,0.003125,3.647417,True,True,0,1.570796
manual_roi:40:35:geometry:25836914057:edge_midpoint:6,geometry:25836914057,38,33,0.003125,0.003125,3.653692,True,True,0,1.570796
manual_roi:40:35:geometry:25836914057:edge_midpoint:6,geometry:25836914057,38,34,0.003125,0.003125,3.653725,True,True,0,1.570796
manual_roi:40:35:geometry:25836914057:edge_midpoint:6,geometry:25836914057,42,36,0.003125,0.003125,3.647456,True,True,0,1.570796
manual_roi:40:35:geometry:25836914057:edge_midpoint:6,geometry:25836914057,41,33,0.003125,0.003125,3.653649,True,True,0,1.570796
manual_roi:40:35:geometry:25836914057:edge_midpoint:6,geometry:25836914057,39,37,0.003125,0.003125,3.647449,True,True,0,1.570796
manual_roi:40:35:geometry:25836914057:edge_midpoint:6,geometry:25836914057,44,35,0.003125,0.003125,3.642011,True,True,0,1.570796
manual_roi:40:35:geometry:25836914057:edge_midpoint:6,geometry:25836914057,36,35,0.003125,0.003125,3.65362,True,True,0,1.570796
manual_roi:40:35:geometry:25836914057:edge_midpoint:6,geometry:25836914057,40,39,0.003125,0.003125,3.6419,True,True,0,1.570796
manual_roi:40:35:geometry:25836914057:edge_midpoint:6,geometry:25836914057,40,31,0.003125,0.003125,3.653669,True,True,0,1.570796
manual_roi:40:35:geometry:25836914057:edge_midpoint:6,geometry:25836914057,44,39,0.003125,0.003125,3.634954,True,True,0,1.570796
manual_roi:40:35:geometry:25836914057:edge_midpoint:6,geometry:25836914057,44,31,0.003125,0.003125,3.653684,True,True,0,1.570796
manual_roi:40:35:geometry:25836914057:edge_midpoint:6,geometry:25836914057,36,39,0.003125,0.003125,3.647453,True,True,0,1.570796
manual_roi:40:35:geometry:25836914057:edge_midpoint:6,geometry:25836914057,36,31,0.003125,0.003125,3.661477,True,True,0,1.570796
manual_roi:40:35:geometry:25836914057:edge_midpoint:6,geometry:25836914057,36,33,0.003125,0.003125,3.659881,True,True,0,1.570796
manual_roi:40:35:geometry:25836914057:edge_midpoint:6,geometry:25836914057,44,37,0.003125,0.003125,3.641201,True,True,0,1.570796
manual_roi:40:35:geometry:25836914057:edge_midpoint:6,geometry:25836914057,42,31,0.003125,0.003125,3.65368,True,True,0,1.570796
manual_roi:40:35:geometry:25836914057:edge_midpoint:6,geometry:25836914057,38,39,0.003125,0.003125,3.641952,True,True,0,1.570796
manual_roi:40:35:geometry:25836914057:edge_midpoint:6,geometry:25836914057,37,31,0.003125,0.003125,3.65994,True,True,0,1.570796
manual_roi:40:35:geometry:25836914057:edge_midpoint:6,geometry:25836914057,38,31,0.003125,0.003125,3.659867,True,True,0,1.570796
manual_roi:40:35:geometry:25836914057:edge_midpoint:6,geometry:25836914057,39,31,0.003125,0.003125,3.659876,True,True,0,1.570796
manual_roi:40:35:geometry:25836914057:edge_midpoint:6,geometry:25836914057,41,31,0.003125,0.003125,3.653698,True,True,0,1.570796
manual_roi:40:35:geometry:25836914057:edge_midpoint:6,geometry:25836914057,43,31,0.003125,0.003125,3.653687,True,True,0,1.570796
manual_roi:40:35:geometry:25836914057:edge_midpoint:6,geometry:25836914057,36,32,0.003125,0.003125,3.659965,True,True,0,1.570796
manual_roi:40:35:geometry:25836914057:edge_midpoint:6,geometry:25836914057,37,32,0.003125,0.003125,3.659873,True,True,0,1.570796
manual_roi:40:35:geometry:25836914057:edge_midpoint:6,geometry:25836914057,38,32,0.003125,0.003125,3.659922,True,True,0,1.570796
manual_roi:40:35:geometry:25836914057:edge_midpoint:6,geometry:25836914057,39,32,0.003125,0.003125,3.65369,True,True,0,1.570796
manual_roi:40:35:geometry:25836914057:edge_midpoint:6,geometry:25836914057,40,32,0.003125,0.003125,3.65372,True,True,0,1.570796
manual_roi:40:35:geometry:25836914057:edge_midpoint:6,geometry:25836914057,41,32,0.003125,0.003125,3.653632,True,True,0,1.570796
manual_roi:40:35:geometry:25836914057:edge_midpoint:6,geometry:25836914057,42,32,0.003125,0.003125,3.653647,True,True,0,1.570796
manual_roi:40:35:geometry:25836914057:edge_midpoint:6,geometry:25836914057,43,32,0.003125,0.003125,3.653619,True,True,0,1.570796
manual_roi:40:35:geometry:25836914057:edge_midpoint:6,geometry:25836914057,44,32,0.003125,0.003125,3.649714,True,True,0,1.570796
manual_roi:40:35:geometry:25836914057:edge_midpoint:6,geometry:25836914057,37,33,0.003125,0.003125,3.653676,True,True,0,1.570796
manual_roi:40:35:geometry:25836914057:edge_midpoint:6,geometry:25836914057,39,33,0.003125,0.003125,3.653613,True,True,0,1.570796
manual_roi:40:35:geometry:25836914057:edge_midpoint:6,geometry:25836914057,43,33,0.003125,0.003125,3.647437,True,True,0,1.570796
manual_roi:40:35:geometry:25836914057:edge_midpoint:6,geometry:25836914057,44,33,0.003125,0.003125,3.647449,True,True,0,1.570796
manual_roi:40:35:geometry:25836914057:edge_midpoint:6,geometry:25836914057,36,34,0.003125,0.003125,3.653635,True,True,0,1.570796
manual_roi:40:35:geometry:25836914057:edge_midpoint:6,geometry:25836914057,37,34,0.003125,0.003125,3.653701,True,True,0,1.570796
manual_roi:40:35:geometry:25836914057:edge_midpoint:6,geometry:25836914057,39,34,0.003125,0.003125,3.653649,True,True,0,1.570796
manual_roi:40:35:geometry:25836914057:edge_midpoint:6,geometry:25836914057,40,34,0.003125,0.003125,3.653646,True,True,0,1.570796
manual_roi:40:35:geometry:25836914057:edge_midpoint:6,geometry:25836914057,41,34,0.003125,0.003125,3.64979,True,True,0,1.570796
manual_roi:40:35:geometry:25836914057:edge_midpoint:6,geometry:25836914057,42,34,0.003125,0.003125,3.647432,True,True,0,1.570796
manual_roi:40:35:geometry:25836914057:edge_midpoint:6,geometry:25836914057,43,34,0.003125,0.003125,3.647446,True,True,0,1.570796
manual_roi:40:35:geometry:25836914057:edge_midpoint:6,geometry:25836914057,44,34,0.003125,0.003125,3.64746,True,True,0,1.570796
manual_roi:40:35:geometry:25836914057:edge_midpoint:6,geometry:25836914057,37,35,0.003125,0.003125,3.653695,True,True,0,1.570796
manual_roi:40:35:geometry:25836914057:edge_midpoint:6,geometry:25836914057,39,35,0.003125,0.003125,3.649741,True,True,0,1.570796
manual_roi:40:35:geometry:25836914057:edge_midpoint:6,geometry:25836914057,41,35,0.003125,0.003125,3.64745,True,True,0,1.570796
manual_roi:40:35:geometry:25836914057:edge_midpoint:6,geometry:25836914057,43,35,0.003125,0.003125,3.647459,True,True,0,1.570796
manual_roi:40:35:geometry:25836914057:edge_midpoint:6,geometry:25836914057,36,36,0.003125,0.003125,3.653614,True,True,0,1.570796
manual_roi:40:35:geometry:25836914057:edge_midpoint:6,geometry:25836914057,37,36,0.003125,0.003125,3.653653,True,True,0,1.570796
manual_roi:40:35:geometry:25836914057:edge_midpoint:6,geometry:25836914057,38,36,0.003125,0.003125,3.649781,True,True,0,1.570796
manual_roi:40:35:geometry:25836914057:edge_midpoint:6,geometry:25836914057,39,36,0.003125,0.003125,3.647374,True,True,0,1.570796
manual_roi:40:35:geometry:25836914057:edge_midpoint:6,geometry:25836914057,40,36,0.003125,0.003125,3.647388,True,True,0,1.570796
manual_roi:40:35:geometry:25836914057:edge_midpoint:6,geometry:25836914057,41,36,0.003125,0.003125,3.647431,True,True,0,1.570796
manual_roi:40:35:geometry:25836914057:edge_midpoint:6,geometry:25836914057,43,36,0.003125,0.003125,3.641976,True,True,0,1.570796
manual_roi:40:35:geometry:25836914057:edge_midpoint:6,geometry:25836914057,44,36,0.003125,0.003125,3.642,True,True,0,1.570796
manual_roi:40:35:geometry:25836914057:edge_midpoint:6,geometry:25836914057,36,37,0.003125,0.003125,3.649775,True,True,0,1.570796
manual_roi:40:35:geometry:25836914057:edge_midpoint:6,geometry:25836914057,37,37,0.003125,0.003125,3.649731,True,True,0,1.570796
manual_roi:40:35:geometry:25836914057:edge_midpoint:6,geometry:25836914057,41,37,0.003125,0.003125,3.641907,True,True,0,1.570796
manual_roi:40:35:geometry:25836914057:edge_midpoint:6,geometry:25836914057,43,37,0.003125,0.003125,3.641183,True,True,0,1.570796
manual_roi:40:35:geometry:25836914057:edge_midpoint:6,geometry:25836914057,36,38,0.003125,0.003125,3.647391,True,True,0,1.570796
manual_roi:40:35:geometry:25836914057:edge_midpoint:6,geometry:25836914057,37,38,0.003125,0.003125,3.64745,True,True,0,1.570796
manual_roi:40:35:geometry:25836914057:edge_midpoint:6,geometry:25836914057,38,38,0.003125,0.003125,3.647364,True,True,0,1.570796
manual_roi:40:35:geometry:25836914057:edge_midpoint:6,geometry:25836914057,39,38,0.003125,0.003125,3.647385,True,True,0,1.570796
manual_roi:40:35:geometry:25836914057:edge_midpoint:6,geometry:25836914057,40,38,0.003125,0.003125,3.641987,True,True,0,1.570796
manual_roi:40:35:geometry:25836914057:edge_midpoint:6,geometry:25836914057,41,38,0.003125,0.003125,3.642002,True,True,0,1.570796
manual_roi:40:35:geometry:25836914057:edge_midpoint:6,geometry:25836914057,42,38,0.003125,0.003125,3.641119,True,True,0,1.570796
manual_roi:40:35:geometry:25836914057:edge_midpoint:6,geometry:25836914057,43,38,0.003125,0.003125,3.641143,True,True,0,1.570796
manual_roi:40:35:geometry:25836914057:edge_midpoint:6,geometry:25836914057,44,38,0.003125,0.003125,3.638004,True,True,0,1.570796
manual_roi:40:35:geometry:25836914057:edge_midpoint:6,geometry:25836914057,37,39,0.003125,0.003125,3.647371,True,True,0,1.570796
manual_roi:40:35:geometry:25836914057:edge_midpoint:6,geometry:25836914057,39,39,0.003125,0.003125,3.641972,True,True,0,1.570796
manual_roi:40:35:geometry:25836914057:edge_midpoint:6,geometry:25836914057,41,39,0.003125,0.003125,3.641131,True,True,0,1.570796
manual_roi:40:35:geometry:25836914057:edge_midpoint:6,geometry:25836914057,42,39,0.003125,0.003125,3.641172,True,True,0,1.570796
manual_roi:40:35:geometry:25836914057:edge_midpoint:6,geometry:25836914057,43,39,0.003125,0.003125,3.638086,True,True,0,1.570796
manual_roi:280:35:geometry:25836914057:edge_midpoint:6,geometry:25836914057,280,35,0.003125,0.003125,3.649741,True,True,0,1.570796
manual_roi:280:35:geometry:25836914057:edge_midpoint:6,geometry:25836914057,282,35,0.003125,0.003125,3.653695,True,True,0,1.570796
manual_roi:280:35:geometry:25836914057:edge_midpoint:6,geometry:25836914057,278,35,0.003125,0.003125,3.64745,True,True,0,1.570796
manual_roi:280:35:geometry:25836914057:edge_midpoint:6,geometry:25836914057,280,37,0.003125,0.003125,3.647449,True,True,0,1.570796
manual_roi:280:35:geometry:25836914057:edge_midpoint:6,geometry:25836914057,280,33,0.003125,0.003125,3.653613,True,True,0,1.570796
manual_roi:280:35:geometry:25836914057:edge_midpoint:6,geometry:25836914057,282,37,0.003125,0.003125,3.649731,True,True,0,1.570796
manual_roi:280:35:geometry:25836914057:edge_midpoint:6,geometry:25836914057,282,33,0.003125,0.003125,3.653676,True,True,0,1.570796
manual_roi:280:35:geometry:25836914057:edge_midpoint:6,geometry:25836914057,278,37,0.003125,0.003125,3.641907,True,True,0,1.570796
manual_roi:280:35:geometry:25836914057:edge_midpoint:6,geometry:25836914057,278,33,0.003125,0.003125,3.653649,True,True,0,1.570796
manual_roi:280:35:geometry:25836914057:edge_midpoint:6,geometry:25836914057,282,34,0.003125,0.003125,3.653701,True,True,0,1.570796
manual_roi:280:35:geometry:25836914057:edge_midpoint:6,geometry:25836914057,278,36,0.003125,0.003125,3.647431,True,True,0,1.570796
manual_roi:280:35:geometry:25836914057:edge_midpoint:6,geometry:25836914057,281,37,0.003125,0.003125,3.647417,True,True,0,1.570796
manual_roi:280:35:geometry:25836914057:edge_midpoint:6,geometry:25836914057,279,33,0.003125,0.003125,3.653625,True,True,0,1.570796
manual_roi:280:35:geometry:25836914057:edge_midpoint:6,geometry:25836914057,284,35,0.003125,0.003125,3.653709,True,True,0,1.570796
manual_roi:280:35:geometry:25836914057:edge_midpoint:6,geometry:25836914057,276,35,0.003125,0.003125,3.647459,True,True,0,1.570796
manual_roi:280:35:geometry:25836914057:edge_midpoint:6,geometry:25836914057,280,39,0.003125,0.003125,3.641972,True,True,0,1.570796
manual_roi:280:35:geometry:25836914057:edge_midpoint:6,geometry:25836914057,280,31,0.003125,0.003125,3.659876,True,True,0,1.570796
manual_roi:280:35:geometry:25836914057:edge_midpoint:6,geometry:25836914057,284,39,0.003125,0.003125,3.647374,True,True,0,1.570796
manual_roi:280:35:geometry:25836914057:edge_midpoint:6,geometry:25836914057,284,31,0.003125,0.003125,3.666093,True,True,0,1.570796
manual_roi:280:35:geometry:25836914057:edge_midpoint:6,geometry:25836914057,276,39,0.003125,0.003125,3.638086,True,True,0,1.570796
manual_roi:280:35:geometry:25836914057:edge_midpoint:6,geometry:25836914057,276,31,0.003125,0.003125,3.653687,True,True,0,1.570796
manual_roi:280:35:geometry:25836914057:edge_midpoint:6,geometry:25836914057,284,33,0.003125,0.003125,3.659948,True,True,0,1.570796
manual_roi:280:35:geometry:25836914057:edge_midpoint:6,geometry:25836914057,276,37,0.003125,0.003125,3.641183,True,True,0,1.570796
manual_roi:280:35:geometry:25836914057:edge_midpoint:6,geometry:25836914057,282,39,0.003125,0.003125,3.647371,True,True,0,1.570796
manual_roi:280:35:geometry:25836914057:edge_midpoint:6,geometry:25836914057,278,31,0.003125,0.003125,3.653698,True,True,0,1.570796
manual_roi:280:35:geometry:25836914057:edge_midpoint:6,geometry:25836914057,277,31,0.003125,0.003125,3.65368,True,True,0,1.570796
manual_roi:280:35:geometry:25836914057:edge_midpoint:6,geometry:25836914057,279,31,0.003125,0.003125,3.653669,True,True,0,1.570796
manual_roi:280:35:geometry:25836914057:edge_midpoint:6,geometry:25836914057,281,31,0.003125,0.003125,3.659867,True,True,0,1.570796
manual_roi:280:35:geometry:25836914057:edge_midpoint:6,geometry:25836914057,282,31,0.003125,0.003125,3.65994,True,True,0,1.570796
manual_roi:280:35:geometry:25836914057:edge_midpoint:6,geometry:25836914057,283,31,0.003125,0.003125,3.661477,True,True,0,1.570796
manual_roi:280:35:geometry:25836914057:edge_midpoint:6,geometry:25836914057,276,32,0.003125,0.003125,3.653619,True,True,0,1.570796
manual_roi:280:35:geometry:25836914057:edge_midpoint:6,geometry:25836914057,277,32,0.003125,0.003125,3.653647,True,True,0,1.570796
manual_roi:280:35:geometry:25836914057:edge_midpoint:6,geometry:25836914057,278,32,0.003125,0.003125,3.653632,True,True,0,1.570796
manual_roi:280:35:geometry:25836914057:edge_midpoint:6,geometry:25836914057,279,32,0.003125,0.003125,3.65372,True,True,0,1.570796
manual_roi:280:35:geometry:25836914057:edge_midpoint:6,geometry:25836914057,280,32,0.003125,0.003125,3.65369,True,True,0,1.570796
manual_roi:280:35:geometry:25836914057:edge_midpoint:6,geometry:25836914057,281,32,0.003125,0.003125,3.659922,True,True,0,1.570796
manual_roi:280:35:geometry:25836914057:edge_midpoint:6,geometry:25836914057,282,32,0.003125,0.003125,3.659873,True,True,0,1.570796
manual_roi:280:35:geometry:25836914057:edge_midpoint:6,geometry:25836914057,283,32,0.003125,0.003125,3.659965,True,True,0,1.570796
manual_roi:280:35:geometry:25836914057:edge_midpoint:6,geometry:25836914057,284,32,0.003125,0.003125,3.661502,True,True,0,1.570796
manual_roi:280:35:geometry:25836914057:edge_midpoint:6,geometry:25836914057,276,33,0.003125,0.003125,3.647437,True,True,0,1.570796
manual_roi:280:35:geometry:25836914057:edge_midpoint:6,geometry:25836914057,277,33,0.003125,0.003125,3.649763,True,True,0,1.570796
manual_roi:280:35:geometry:25836914057:edge_midpoint:6,geometry:25836914057,281,33,0.003125,0.003125,3.653692,True,True,0,1.570796
manual_roi:280:35:geometry:25836914057:edge_midpoint:6,geometry:25836914057,283,33,0.003125,0.003125,3.659881,True,True,0,1.570796
manual_roi:280:35:geometry:25836914057:edge_midpoint:6,geometry:25836914057,276,34,0.003125,0.003125,3.647446,True,True,0,1.570796
manual_roi:280:35:geometry:25836914057:edge_midpoint:6,geometry:25836914057,277,34,0.003125,0.003125,3.647432,True,True,0,1.570796
manual_roi:280:35:geometry:25836914057:edge_midpoint:6,geometry:25836914057,278,34,0.003125,0.003125,3.64979,True,True,0,1.570796
manual_roi:280:35:geometry:25836914057:edge_midpoint:6,geometry:25836914057,279,34,0.003125,0.003125,3.653646,True,True,0,1.570796
manual_roi:280:35:geometry:25836914057:edge_midpoint:6,geometry:25836914057,280,34,0.003125,0.003125,3.653649,True,True,0,1.570796
manual_roi:280:35:geometry:25836914057:edge_midpoint:6,geometry:25836914057,281,34,0.003125,0.003125,3.653725,True,True,0,1.570796
manual_roi:280:35:geometry:25836914057:edge_midpoint:6,geometry:25836914057,283,34,0.003125,0.003125,3.653635,True,True,0,1.570796
manual_roi:280:35:geometry:25836914057:edge_midpoint:6,geometry:25836914057,284,34,0.003125,0.003125,3.659964,True,True,0,1.570796
manual_roi:280:35:geometry:25836914057:edge_midpoint:6,geometry:25836914057,277,35,0.003125,0.003125,3.647444,True,True,0,1.570796
manual_roi:280:35:geometry:25836914057:edge_midpoint:6,geometry:25836914057,279,35,0.003125,0.003125,3.647406,True,True,0,1.570796
manual_roi:280:35:geometry:25836914057:edge_midpoint:6,geometry:25836914057,281,35,0.003125,0.003125,3.653717,True,True,0,1.570796
manual_roi:280:35:geometry:25836914057:edge_midpoint:6,geometry:25836914057,283,35,0.003125,0.003125,3.65362,True,True,0,1.570796
manual_roi:280:35:geometry:25836914057:edge_midpoint:6,geometry:25836914057,276,36,0.003125,0.003125,3.641976,True,True,0,1.570796
manual_roi:280:35:geometry:25836914057:edge_midpoint:6,geometry:25836914057,277,36,0.003125,0.003125,3.647456,True,True,0,1.570796
manual_roi:280:35:geometry:25836914057:edge_midpoint:6,geometry:25836914057,279,36,0.003125,0.003125,3.647388,True,True,0,1.570796
manual_roi:280:35:geometry:25836914057:edge_midpoint:6,geometry:25836914057,280,36,0.003125,0.003125,3.647374,True,True,0,1.570796
manual_roi:280:35:geometry:25836914057:edge_midpoint:6,geometry:25836914057,281,36,0.003125,0.003125,3.649781,True,True,0,1.570796
manual_roi:280:35:geometry:25836914057:edge_midpoint:6,geometry:25836914057,282,36,0.003125,0.003125,3.653653,True,True,0,1.570796
manual_roi:280:35:geometry:25836914057:edge_midpoint:6,geometry:25836914057,283,36,0.003125,0.003125,3.653614,True,True,0,1.570796
manual_roi:280:35:geometry:25836914057:edge_midpoint:6,geometry:25836914057,284,36,0.003125,0.003125,3.653705,True,True,0,1.570796
manual_roi:280:35:geometry:25836914057:edge_midpoint:6,geometry:25836914057,277,37,0.003125,0.003125,3.641949,True,True,0,1.570796
manual_roi:280:35:geometry:25836914057:edge_midpoint:6,geometry:25836914057,279,37,0.003125,0.003125,3.64737,True,True,0,1.570796
manual_roi:280:35:geometry:25836914057:edge_midpoint:6,geometry:25836914057,283,37,0.003125,0.003125,3.649775,True,True,0,1.570796
manual_roi:280:35:geometry:25836914057:edge_midpoint:6,geometry:25836914057,284,37,0.003125,0.003125,3.653638,True,True,0,1.570796
manual_roi:280:35:geometry:25836914057:edge_midpoint:6,geometry:25836914057,276,38,0.003125,0.003125,3.641143,True,True,0,1.570796
manual_roi:280:35:geometry:25836914057:edge_midpoint:6,geometry:25836914057,277,38,0.003125,0.003125,3.641119,True,True,0,1.570796
manual_roi:280:35:geometry:25836914057:edge_midpoint:6,geometry:25836914057,278,38,0.003125,0.003125,3.642002,True,True,0,1.570796
manual_roi:280:35:geometry:25836914057:edge_midpoint:6,geometry:25836914057,279,38,0.003125,0.003125,3.641987,True,True,0,1.570796
manual_roi:280:35:geometry:25836914057:edge_midpoint:6,geometry:25836914057,280,38,0.003125,0.003125,3.647385,True,True,0,1.570796
manual_roi:280:35:geometry:25836914057:edge_midpoint:6,geometry:25836914057,281,38,0.003125,0.003125,3.647364,True,True,0,1.570796
manual_roi:280:35:geometry:25836914057:edge_midpoint:6,geometry:25836914057,282,38,0.003125,0.003125,3.64745,True,True,0,1.570796
manual_roi:280:35:geometry:25836914057:edge_midpoint:6,geometry:25836914057,283,38,0.003125,0.003125,3.647391,True,True,0,1.570796
manual_roi:280:35:geometry:25836914057:edge_midpoint:6,geometry:25836914057,284,38,0.003125,0.003125,3.64981,True,True,0,1.570796
manual_roi:280:35:geometry:25836914057:edge_midpoint:6,geometry:25836914057,277,39,0.003125,0.003125,3.641172,True,True,0,1.570796
manual_roi:280:35:geometry:25836914057:edge_midpoint:6,geometry:25836914057,278,39,0.003125,0.003125,3.641131,True,True,0,1.570796
manual_roi:280:35:geometry:25836914057:edge_midpoint:6,geometry:25836914057,279,39,0.003125,0.003125,3.6419,True,True,0,1.570796
manual_roi:280:35:geometry:25836914057:edge_midpoint:6,geometry:25836914057,281,39,0.003125,0.003125,3.641952,True,True,0,1.570796
manual_roi:280:35:geometry:25836914057:edge_midpoint:6,geometry:25836914057,283,39,0.003125,0.003125,3.647453,True,True,0,1.570796
manual_roi:40:145:manual_roi:40:35:geometry:25836914057:edge_midpoint:6,geometry:25836914057,40,145,0.003125,0.003125,3.653646,True,True,0,1.570796
manual_roi:40:145:manual_roi:40:35:geometry:25836914057:edge_midpoint:6,geometry:25836914057,42,145,0.003125,0.003125,3.647432,True,True,0,1.570796
manual_roi:40:145:manual_roi:40:35:geometry:25836914057:edge_midpoint:6,geometry:25836914057,38,145,0.003125,0.003125,3.653725,True,True,0,1.570796
manual_roi:40:145:manual_roi:40:35:geometry:25836914057:edge_midpoint:6,geometry:25836914057,40,147,0.003125,0.003125,3.65372,True,True,0,1.570796
manual_roi:40:145:manual_roi:40:35:geometry:25836914057:edge_midpoint:6,geometry:25836914057,40,143,0.003125,0.003125,3.647388,True,True,0,1.570796
manual_roi:40:145:manual_roi:40:35:geometry:25836914057:edge_midpoint:6,geometry:25836914057,42,147,0.003125,0.003125,3.653647,True,True,0,1.570796
manual_roi:40:145:manual_roi:40:35:geometry:25836914057:edge_midpoint:6,geometry:25836914057,42,143,0.003125,0.003125,3.647456,True,True,0,1.570796
manual_roi:40:145:manual_roi:40:35:geometry:25836914057:edge_midpoint:6,geometry:25836914057,38,147,0.003125,0.003125,3.659922,True,True,0,1.570796
manual_roi:40:145:manual_roi:40:35:geometry:25836914057:edge_midpoint:6,geometry:25836914057,38,143,0.003125,0.003125,3.649781,True,True,0,1.570796
manual_roi:40:145:manual_roi:40:35:geometry:25836914057:edge_midpoint:6,geometry:25836914057,38,146,0.003125,0.003125,3.653692,True,True,0,1.570796
manual_roi:40:145:manual_roi:40:35:geometry:25836914057:edge_midpoint:6,geometry:25836914057,42,144,0.003125,0.003125,3.647444,True,True,0,1.570796
manual_roi:40:145:manual_roi:40:35:geometry:25836914057:edge_midpoint:6,geometry:25836914057,39,143,0.003125,0.003125,3.647374,True,True,0,1.570796
manual_roi:40:145:manual_roi:40:35:geometry:25836914057:edge_midpoint:6,geometry:25836914057,41,147,0.003125,0.003125,3.653632,True,True,0,1.570796
manual_roi:40:145:manual_roi:40:35:geometry:25836914057:edge_midpoint:6,geometry:25836914057,44,145,0.003125,0.003125,3.64746,True,True,0,1.570796
manual_roi:40:145:manual_roi:40:35:geometry:25836914057:edge_midpoint:6,geometry:25836914057,36,145,0.003125,0.003125,3.653635,True,True,0,1.570796
manual_roi:40:145:manual_roi:40:35:geometry:25836914057:edge_midpoint:6,geometry:25836914057,40,149,0.003125,0.003125,3.659953,True,True,0,1.570796
manual_roi:40:145:manual_roi:40:35:geometry:25836914057:edge_midpoint:6,geometry:25836914057,40,141,0.003125,0.003125,3.641987,True,True,0,1.570796
manual_roi:40:145:manual_roi:40:35:geometry:25836914057:edge_midpoint:6,geometry:25836914057,44,149,0.003125,0.003125,3.653633,True,True,0,1.570796
manual_roi:40:145:manual_roi:40:35:geometry:25836914057:edge_midpoint:6,geometry:25836914057,44,141,0.003125,0.003125,3.638004,True,True,0,1.570796
manual_roi:40:145:manual_roi:40:35:geometry:25836914057:edge_midpoint:6,geometry:25836914057,36,149,0.003125,0.003125,3.666098,True,True,0,1.570796
manual_roi:40:145:manual_roi:40:35:geometry:25836914057:edge_midpoint:6,geometry:25836914057,36,141,0.003125,0.003125,3.647391,True,True,0,1.570796
manual_roi:40:145:manual_roi:40:35:geometry:25836914057:edge_midpoint:6,geometry:25836914057,36,147,0.003125,0.003125,3.659965,True,True,0,1.570796
manual_roi:40:145:manual_roi:40:35:geometry:25836914057:edge_midpoint:6,geometry:25836914057,44,143,0.003125,0.003125,3.642,True,True,0,1.570796
manual_roi:40:145:manual_roi:40:35:geometry:25836914057:edge_midpoint:6,geometry:25836914057,38,141,0.003125,0.003125,3.647364,True,True,0,1.570796
manual_roi:40:145:manual_roi:40:35:geometry:25836914057:edge_midpoint:6,geometry:25836914057,42,149,0.003125,0.003125,3.653631,True,True,0,1.570796
manual_roi:40:145:manual_roi:40:35:geometry:25836914057:edge_midpoint:6,geometry:25836914057,37,141,0.003125,0.003125,3.64745,True,True,0,1.570796
manual_roi:40:145:manual_roi:40:35:geometry:25836914057:edge_midpoint:6,geometry:25836914057,39,141,0.003125,0.003125,3.647385,True,True,0,1.570796
manual_roi:40:145:manual_roi:40:35:geometry:25836914057:edge_midpoint:6,geometry:25836914057,41,141,0.003125,0.003125,3.642002,True,True,0,1.570796
manual_roi:40:145:manual_roi:40:35:geometry:25836914057:edge_midpoint:6,geometry:25836914057,42,141,0.003125,0.003125,3.641119,True,True,0,1.570796
manual_roi:40:145:manual_roi:40:35:geometry:25836914057:edge_midpoint:6,geometry:25836914057,43,141,0.003125,0.003125,3.641143,True,True,0,1.570796
manual_roi:40:145:manual_roi:40:35:geometry:25836914057:edge_midpoint:6,geometry:25836914057,36,142,0.003125,0.003125,3.649775,True,True,0,1.570796
manual_roi:40:145:manual_roi:40:35:geometry:25836914057:edge_midpoint:6,geometry:25836914057,37,142,0.003125,0.003125,3.649731,True,True,0,1.570796
manual_roi:40:145:manual_roi:40:35:geometry:25836914057:edge_midpoint:6,geometry:25836914057,38,142,0.003125,0.003125,3.647417,True,True,0,1.570796
manual_roi:40:145:manual_roi:40:35:geometry:25836914057:edge_midpoint:6,geometry:25836914057,39,142,0.003125,0.003125,3.647449,True,True,0,1.570796
manual_roi:40:145:manual_roi:40:35:geometry:25836914057:edge_midpoint:6,geometry:25836914057,40,142,0.003125,0.003125,3.64737,True,True,0,1.570796
manual_roi:40:145:manual_roi:40:35:geometry:25836914057:edge_midpoint:6,geometry:25836914057,41,142,0.003125,0.003125,3.641907,True,True,0,1.570796
manual_roi:40:145:manual_roi:40:35:geometry:25836914057:edge_midpoint:6,geometry:25836914057,42,142,0.003125,0.003125,3.641949,True,True,0,1.570796
manual_roi:40:145:manual_roi:40:35:geometry:25836914057:edge_midpoint:6,geometry:25836914057,43,142,0.003125,0.003125,3.641183,True,True,0,1.570796
manual_roi:40:145:manual_roi:40:35:geometry:25836914057:edge_midpoint:6,geometry:25836914057,44,142,0.003125,0.003125,3.641201,True,True,0,1.570796
manual_roi:40:145:manual_roi:40:35:geometry:25836914057:edge_midpoint:6,geometry:25836914057,36,143,0.003125,0.003125,3.653614,True,True,0,1.570796
manual_roi:40:145:manual_roi:40:35:geometry:25836914057:edge_midpoint:6,geometry:25836914057,37,143,0.003125,0.003125,3.653653,True,True,0,1.570796
manual_roi:40:145:manual_roi:40:35:geometry:25836914057:edge_midpoint:6,geometry:25836914057,41,143,0.003125,0.003125,3.647431,True,True,0,1.570796
manual_roi:40:145:manual_roi:40:35:geometry:25836914057:edge_midpoint:6,geometry:25836914057,43,143,0.003125,0.003125,3.641976,True,True,0,1.570796
manual_roi:40:145:manual_roi:40:35:geometry:25836914057:edge_midpoint:6,geometry:25836914057,36,144,0.003125,0.003125,3.65362,True,True,0,1.570796
manual_roi:40:145:manual_roi:40:35:geometry:25836914057:edge_midpoint:6,geometry:25836914057,37,144,0.003125,0.003125,3.653695,True,True,0,1.570796
manual_roi:40:145:manual_roi:40:35:geometry:25836914057:edge_midpoint:6,geometry:25836914057,38,144,0.003125,0.003125,3.653717,True,True,0,1.570796
manual_roi:40:145:manual_roi:40:35:geometry:25836914057:edge_midpoint:6,geometry:25836914057,39,144,0.003125,0.003125,3.649741,True,True,0,1.570796
manual_roi:40:145:manual_roi:40:35:geometry:25836914057:edge_midpoint:6,geometry:25836914057,40,144,0.003125,0.003125,3.647406,True,True,0,1.570796
manual_roi:40:145:manual_roi:40:35:geometry:25836914057:edge_midpoint:6,geometry:25836914057,41,144,0.003125,0.003125,3.64745,True,True,0,1.570796
manual_roi:40:145:manual_roi:40:35:geometry:25836914057:edge_midpoint:6,geometry:25836914057,43,144,0.003125,0.003125,3.647459,True,True,0,1.570796
manual_roi:40:145:manual_roi:40:35:geometry:25836914057:edge_midpoint:6,geometry:25836914057,44,144,0.003125,0.003125,3.642011,True,True,0,1.570796
manual_roi:40:145:manual_roi:40:35:geometry:25836914057:edge_midpoint:6,geometry:25836914057,37,145,0.003125,0.003125,3.653701,True,True,0,1.570796
manual_roi:40:145:manual_roi:40:35:geometry:25836914057:edge_midpoint:6,geometry:25836914057,39,145,0.003125,0.003125,3.653649,True,True,0,1.570796
manual_roi:40:145:manual_roi:40:35:geometry:25836914057:edge_midpoint:6,geometry:25836914057,41,145,0.003125,0.003125,3.64979,True,True,0,1.570796
manual_roi:40:145:manual_roi:40:35:geometry:25836914057:edge_midpoint:6,geometry:25836914057,43,145,0.003125,0.003125,3.647446,True,True,0,1.570796
manual_roi:40:145:manual_roi:40:35:geometry:25836914057:edge_midpoint:6,geometry:25836914057,36,146,0.003125,0.003125,3.659881,True,True,0,1.570796
manual_roi:40:145:manual_roi:40:35:geometry:25836914057:edge_midpoint:6,geometry:25836914057,37,146,0.003125,0.003125,3.653676,True,True,0,1.570796
manual_roi:40:145:manual_roi:40:35:geometry:25836914057:edge_midpoint:6,geometry:25836914057,39,146,0.003125,0.003125,3.653613,True,True,0,1.570796
manual_roi:40:145:manual_roi:40:35:geometry:25836914057:edge_midpoint:6,geometry:25836914057,40,146,0.003125,0.003125,3.653625,True,True,0,1.570796
manual_roi:40:145:manual_roi:40:35:geometry:25836914057:edge_midpoint:6,geometry:25836914057,41,146,0.003125,0.003125,3.653649,True,True,0,1.570796
manual_roi:40:145:manual_roi:40:35:geometry:25836914057:edge_midpoint:6,geometry:25836914057,42,146,0.003125,0.003125,3.649763,True,True,0,1.570796
manual_roi:40:145:manual_roi:40:35:geometry:25836914057:edge_midpoint:6,geometry:25836914057,43,146,0.003125,0.003125,3.647437,True,True,0,1.570796
manual_roi:40:145:manual_roi:40:35:geometry:25836914057:edge_midpoint:6,geometry:25836914057,44,146,0.003125,0.003125,3.647449,True,True,0,1.570796
manual_roi:40:145:manual_roi:40:35:geometry:25836914057:edge_midpoint:6,geometry:25836914057,37,147,0.003125,0.003125,3.659873,True,True,0,1.570796
manual_roi:40:145:manual_roi:40:35:geometry:25836914057:edge_midpoint:6,geometry:25836914057,39,147,0.003125,0.003125,3.65369,True,True,0,1.570796
manual_roi:40:145:manual_roi:40:35:geometry:25836914057:edge_midpoint:6,geometry:25836914057,43,147,0.003125,0.003125,3.653619,True,True,0,1.570796
manual_roi:40:145:manual_roi:40:35:geometry:25836914057:edge_midpoint:6,geometry:25836914057,44,147,0.003125,0.003125,3.649714,True,True,0,1.570796
manual_roi:40:145:manual_roi:40:35:geometry:25836914057:edge_midpoint:6,geometry:25836914057,36,148,0.003125,0.003125,3.661477,True,True,0,1.570796
manual_roi:40:145:manual_roi:40:35:geometry:25836914057:edge_midpoint:6,geometry:25836914057,37,148,0.003125,0.003125,3.65994,True,True,0,1.570796
manual_roi:40:145:manual_roi:40:35:geometry:25836914057:edge_midpoint:6,geometry:25836914057,38,148,0.003125,0.003125,3.659867,True,True,0,1.570796
manual_roi:40:145:manual_roi:40:35:geometry:25836914057:edge_midpoint:6,geometry:25836914057,39,148,0.003125,0.003125,3.659876,True,True,0,1.570796
manual_roi:40:145:manual_roi:40:35:geometry:25836914057:edge_midpoint:6,geometry:25836914057,40,148,0.003125,0.003125,3.653669,True,True,0,1.570796
manual_roi:40:145:manual_roi:40:35:geometry:25836914057:edge_midpoint:6,geometry:25836914057,41,148,0.003125,0.003125,3.653698,True,True,0,1.570796
manual_roi:40:145:manual_roi:40:35:geometry:25836914057:edge_midpoint:6,geometry:25836914057,42,148,0.003125,0.003125,3.65368,True,True,0,1.570796
manual_roi:40:145:manual_roi:40:35:geometry:25836914057:edge_midpoint:6,geometry:25836914057,43,148,0.003125,0.003125,3.653687,True,True,0,1.570796
manual_roi:40:145:manual_roi:40:35:geometry:25836914057:edge_midpoint:6,geometry:25836914057,44,148,0.003125,0.003125,3.653684,True,True,0,1.570796
manual_roi:40:145:manual_roi:40:35:geometry:25836914057:edge_midpoint:6,geometry:25836914057,37,149,0.003125,0.003125,3.661429,True,True,0,1.570796
manual_roi:40:145:manual_roi:40:35:geometry:25836914057:edge_midpoint:6,geometry:25836914057,38,149,0.003125,0.003125,3.661478,True,True,0,1.570796
manual_roi:40:145:manual_roi:40:35:geometry:25836914057:edge_midpoint:6,geometry:25836914057,39,149,0.003125,0.003125,3.659931,True,True,0,1.570796
manual_roi:40:145:manual_roi:40:35:geometry:25836914057:edge_midpoint:6,geometry:25836914057,41,149,0.003125,0.003125,3.659846,True,True,0,1.570796
manual_roi:40:145:manual_roi:40:35:geometry:25836914057:edge_midpoint:6,geometry:25836914057,43,149,0.003125,0.003125,3.653635,True,True,0,1.570796
manual_roi:280:145:manual_roi:280:35:geometry:25836914057:edge_midpoint:6,geometry:25836914057,280,145,0.003125,0.003125,3.653649,True,True,0,1.570796
manual_roi:280:145:manual_roi:280:35:geometry:25836914057:edge_midpoint:6,geometry:25836914057,282,145,0.003125,0.003125,3.653701,True,True,0,1.570796
manual_roi:280:145:manual_roi:280:35:geometry:25836914057:edge_midpoint:6,geometry:25836914057,278,145,0.003125,0.003125,3.64979,True,True,0,1.570796
manual_roi:280:145:manual_roi:280:35:geometry:25836914057:edge_midpoint:6,geometry:25836914057,280,147,0.003125,0.003125,3.65369,True,True,0,1.570796
manual_roi:280:145:manual_roi:280:35:geometry:25836914057:edge_midpoint:6,geometry:25836914057,280,143,0.003125,0.003125,3.647374,True,True,0,1.570796
manual_roi:280:145:manual_roi:280:35:geometry:25836914057:edge_midpoint:6,geometry:25836914057,282,147,0.003125,0.003125,3.659873,True,True,0,1.570796
manual_roi:280:145:manual_roi:280:35:geometry:25836914057:edge_midpoint:6,geometry:25836914057,282,143,0.003125,0.003125,3.653653,True,True,0,1.570796
manual_roi:280:145:manual_roi:280:35:geometry:25836914057:edge_midpoint:6,geometry:25836914057,278,147,0.003125,0.003125,3.653632,True,True,0,1.570796
manual_roi:280:145:manual_roi:280:35:geometry:25836914057:edge_midpoint:6,geometry:25836914057,278,143,0.003125,0.003125,3.647431,True,True,0,1.570796
manual_roi:280:145:manual_roi:280:35:geometry:25836914057:edge_midpoint:6,geometry:25836914057,282,146,0.003125,0.003125,3.653676,True,True,0,1.570796
manual_roi:280:145:manual_roi:280:35:geometry:25836914057:edge_midpoint:6,geometry:25836914057,278,144,0.003125,0.003125,3.64745,True,True,0,1.570796
manual_roi:280:145:manual_roi:280:35:geometry:25836914057:edge_midpoint:6,geometry:25836914057,279,147,0.003125,0.003125,3.65372,True,True,0,1.570796
manual_roi:280:145:manual_roi:280:35:geometry:25836914057:edge_midpoint:6,geometry:25836914057,281,143,0.003125,0.003125,3.649781,True,True,0,1.570796
manual_roi:280:145:manual_roi:280:35:geometry:25836914057:edge_midpoint:6,geometry:25836914057,284,145,0.003125,0.003125,3.659964,True,True,0,1.570796
manual_roi:280:145:manual_roi:280:35:geometry:25836914057:edge_midpoint:6,geometry:25836914057,276,145,0.003125,0.003125,3.647446,True,True,0,1.570796
manual_roi:280:145:manual_roi:280:35:geometry:25836914057:edge_midpoint:6,geometry:25836914057,280,149,0.003125,0.003125,3.659931,True,True,0,1.570796
manual_roi:280:145:manual_roi:280:35:geometry:25836914057:edge_midpoint:6,geometry:25836914057,280,141,0.003125,0.003125,3.647385,True,True,0,1.570796
manual_roi:280:145:manual_roi:280:35:geometry:25836914057:edge_midpoint:6,geometry:25836914057,284,149,0.003125,0.003125,3.666171,True,True,0,1.570796
manual_roi:280:145:manual_roi:280:35:geometry:25836914057:edge_midpoint:6,geometry:25836914057,284,141,0.003125,0.003125,3.64981,True,True,0,1.570796
manual_roi:280:145:manual_roi:280:35:geometry:25836914057:edge_midpoint:6,geometry:25836914057,276,149,0.003125,0.003125,3.653635,True,True,0,1.570796
manual_roi:280:145:manual_roi:280:35:geometry:25836914057:edge_midpoint:6,geometry:25836914057,276,141,0.003125,0.003125,3.641143,True,True,0,1.570796
manual_roi:280:145:manual_roi:280:35:geometry:25836914057:edge_midpoint:6,geometry:25836914057,284,147,0.003125,0.003125,3.661502,True,True,0,1.570796
manual_roi:280:145:manual_roi:280:35:geometry:25836914057:edge_midpoint:6,geometry:25836914057,276,143,0.003125,0.003125,3.641976,True,True,0,1.570796
manual_roi:280:145:manual_roi:280:35:geometry:25836914057:edge_midpoint:6,geometry:25836914057,278,149,0.003125,0.003125,3.659846,True,True,0,1.570796
manual_roi:280:145:manual_roi:280:35:geometry:25836914057:edge_midpoint:6,geometry:25836914057,282,141,0.003125,0.003125,3.64745,True,True,0,1.570796
manual_roi:280:145:manual_roi:280:35:geometry:25836914057:edge_midpoint:6,geometry:25836914057,277,141,0.003125,0.003125,3.641119,True,True,0,1.570796
manual_roi:280:145:manual_roi:280:35:geometry:25836914057:edge_midpoint:6,geometry:25836914057,278,141,0.003125,0.003125,3.642002,True,True,0,1.570796
manual_roi:280:145:manual_roi:280:35:geometry:25836914057:edge_midpoint:6,geometry:25836914057,279,141,0.003125,0.003125,3.641987,True,True,0,1.570796
manual_roi:280:145:manual_roi:280:35:geometry:25836914057:edge_midpoint:6,geometry:25836914057,281,141,0.003125,0.003125,3.647364,True,True,0,1.570796
manual_roi:280:145:manual_roi:280:35:geometry:25836914057:edge_midpoint:6,geometry:25836914057,283,141,0.003125,0.003125,3.647391,True,True,0,1.570796
manual_roi:280:145:manual_roi:280:35:geometry:25836914057:edge_midpoint:6,geometry:25836914057,276,142,0.003125,0.003125,3.641183,True,True,0,1.570796
manual_roi:280:145:manual_roi:280:35:geometry:25836914057:edge_midpoint:6,geometry:25836914057,277,142,0.003125,0.003125,3.641949,True,True,0,1.570796
manual_roi:280:145:manual_roi:280:35:geometry:25836914057:edge_midpoint:6,geometry:25836914057,278,142,0.003125,0.003125,3.641907,True,True,0,1.570796
manual_roi:280:145:manual_roi:280:35:geometry:25836914057:edge_midpoint:6,geometry:25836914057,279,142,0.003125,0.003125,3.64737,True,True,0,1.570796
manual_roi:280:145:manual_roi:280:35:geometry:25836914057:edge_midpoint:6,geometry:25836914057,280,142,0.003125,0.003125,3.647449,True,True,0,1.570796
manual_roi:280:145:manual_roi:280:35:geometry:25836914057:edge_midpoint:6,geometry:25836914057,281,142,0.003125,0.003125,3.647417,True,True,0,1.570796
manual_roi:280:145:manual_roi:280:35:geometry:25836914057:edge_midpoint:6,geometry:25836914057,282,142,0.003125,0.003125,3.649731,True,True,0,1.570796
manual_roi:280:145:manual_roi:280:35:geometry:25836914057:edge_midpoint:6,geometry:25836914057,283,142,0.003125,0.003125,3.649775,True,True,0,1.570796
manual_roi:280:145:manual_roi:280:35:geometry:25836914057:edge_midpoint:6,geometry:25836914057,284,142,0.003125,0.003125,3.653638,True,True,0,1.570796
manual_roi:280:145:manual_roi:280:35:geometry:25836914057:edge_midpoint:6,geometry:25836914057,277,143,0.003125,0.003125,3.647456,True,True,0,1.570796
manual_roi:280:145:manual_roi:280:35:geometry:25836914057:edge_midpoint:6,geometry:25836914057,279,143,0.003125,0.003125,3.647388,True,True,0,1.570796
manual_roi:280:145:manual_roi:280:35:geometry:25836914057:edge_midpoint:6,geometry:25836914057,283,143,0.003125,0.003125,3.653614,True,True,0,1.570796
manual_roi:280:145:manual_roi:280:35:geometry:25836914057:edge_midpoint:6,geometry:25836914057,284,143,0.003125,0.003125,3.653705,True,True,0,1.570796
manual_roi:280:145:manual_roi:280:35:geometry:25836914057:edge_midpoint:6,geometry:25836914057,276,144,0.003125,0.003125,3.647459,True,True,0,1.570796
manual_roi:280:145:manual_roi:280:35:geometry:25836914057:edge_midpoint:6,geometry:25836914057,277,144,0.003125,0.003125,3.647444,True,True,0,1.570796
manual_roi:280:145:manual_roi:280:35:geometry:25836914057:edge_midpoint:6,geometry:25836914057,279,144,0.003125,0.003125,3.647406,True,True,0,1.570796
manual_roi:280:145:manual_roi:280:35:geometry:25836914057:edge_midpoint:6,geometry:25836914057,280,144,0.003125,0.003125,3.649741,True,True,0,1.570796
manual_roi:280:145:manual_roi:280:35:geometry:25836914057:edge_midpoint:6,geometry:25836914057,281,144,0.003125,0.003125,3.653717,True,True,0,1.570796
manual_roi:280:145:manual_roi:280:35:geometry:25836914057:edge_midpoint:6,geometry:25836914057,282,144,0.003125,0.003125,3.653695,True,True,0,1.570796
manual_roi:280:145:manual_roi:280:35:geometry:25836914057:edge_midpoint:6,geometry:25836914057,283,144,0.003125,0.003125,3.65362,True,True,0,1.570796
manual_roi:280:145:manual_roi:280:35:geometry:25836914057:edge_midpoint:6,geometry:25836914057,284,144,0.003125,0.003125,3.653709,True,True,0,1.570796
manual_roi:280:145:manual_roi:280:35:geometry:25836914057:edge_midpoint:6,geometry:25836914057,277,145,0.003125,0.003125,3.647432,True,True,0,1.570796
manual_roi:280:145:manual_roi:280:35:geometry:25836914057:edge_midpoint:6,geometry:25836914057,279,145,0.003125,0.003125,3.653646,True,True,0,1.570796
manual_roi:280:145:manual_roi:280:35:geometry:25836914057:edge_midpoint:6,geometry:25836914057,281,145,0.003125,0.003125,3.653725,True,True,0,1.570796
manual_roi:280:145:manual_roi:280:35:geometry:25836914057:edge_midpoint:6,geometry:25836914057,283,145,0.003125,0.003125,3.653635,True,True,0,1.570796
manual_roi:280:145:manual_roi:280:35:geometry:25836914057:edge_midpoint:6,geometry:25836914057,276,146,0.003125,0.003125,3.647437,True,True,0,1.570796
manual_roi:280:145:manual_roi:280:35:geometry:25836914057:edge_midpoint:6,geometry:25836914057,277,146,0.003125,0.003125,3.649763,True,True,0,1.570796
manual_roi:280:145:manual_roi:280:35:geometry:25836914057:edge_midpoint:6,geometry:25836914057,278,146,0.003125,0.003125,3.653649,True,True,0,1.570796
manual_roi:280:145:manual_roi:280:35:geometry:25836914057:edge_midpoint:6,geometry:25836914057,279,146,0.003125,0.003125,3.653625,True,True,0,1.570796
manual_roi:280:145:manual_roi:280:35:geometry:25836914057:edge_midpoint:6,geometry:25836914057,280,146,0.003125,0.003125,3.653613,True,True,0,1.570796
manual_roi:280:145:manual_roi:280:35:geometry:25836914057:edge_midpoint:6,geometry:25836914057,281,146,0.003125,0.003125,3.653692,True,True,0,1.570796
manual_roi:280:145:manual_roi:280:35:geometry:25836914057:edge_midpoint:6,geometry:25836914057,283,146,0.003125,0.003125,3.659881,True,True,0,1.570796
manual_roi:280:145:manual_roi:280:35:geometry:25836914057:edge_midpoint:6,geometry:25836914057,284,146,0.003125,0.003125,3.659948,True,True,0,1.570796
manual_roi:280:145:manual_roi:280:35:geometry:25836914057:edge_midpoint:6,geometry:25836914057,276,147,0.003125,0.003125,3.653619,True,True,0,1.570796
manual_roi:280:145:manual_roi:280:35:geometry:25836914057:edge_midpoint:6,geometry:25836914057,277,147,0.003125,0.003125,3.653647,True,True,0,1.570796
manual_roi:280:145:manual_roi:280:35:geometry:25836914057:edge_midpoint:6,geometry:25836914057,281,147,0.003125,0.003125,3.659922,True,True,0,1.570796
manual_roi:280:145:manual_roi:280:35:geometry:25836914057:edge_midpoint:6,geometry:25836914057,283,147,0.003125,0.003125,3.659965,True,True,0,1.570796
manual_roi:280:145:manual_roi:280:35:geometry:25836914057:edge_midpoint:6,geometry:25836914057,276,148,0.003125,0.003125,3.653687,True,True,0,1.570796
manual_roi:280:145:manual_roi:280:35:geometry:25836914057:edge_midpoint:6,geometry:25836914057,277,148,0.003125,0.003125,3.65368,True,True,0,1.570796
manual_roi:280:145:manual_roi:280:35:geometry:25836914057:edge_midpoint:6,geometry:25836914057,278,148,0.003125,0.003125,3.653698,True,True,0,1.570796
manual_roi:280:145:manual_roi:280:35:geometry:25836914057:edge_midpoint:6,geometry:25836914057,279,148,0.003125,0.003125,3.653669,True,True,0,1.570796
manual_roi:280:145:manual_roi:280:35:geometry:25836914057:edge_midpoint:6,geometry:25836914057,280,148,0.003125,0.003125,3.659876,True,True,0,1.570796
manual_roi:280:145:manual_roi:280:35:geometry:25836914057:edge_midpoint:6,geometry:25836914057,281,148,0.003125,0.003125,3.659867,True,True,0,1.570796
manual_roi:280:145:manual_roi:280:35:geometry:25836914057:edge_midpoint:6,geometry:25836914057,282,148,0.003125,0.003125,3.65994,True,True,0,1.570796
manual_roi:280:145:manual_roi:280:35:geometry:25836914057:edge_midpoint:6,geometry:25836914057,283,148,0.003125,0.003125,3.661477,True,True,0,1.570796
manual_roi:280:145:manual_roi:280:35:geometry:25836914057:edge_midpoint:6,geometry:25836914057,284,148,0.003125,0.003125,3.666093,True,True,0,1.570796
manual_roi:280:145:manual_roi:280:35:geometry:25836914057:edge_midpoint:6,geometry:25836914057,277,149,0.003125,0.003125,3.653631,True,True,0,1.570796
manual_roi:280:145:manual_roi:280:35:geometry:25836914057:edge_midpoint:6,geometry:25836914057,279,149,0.003125,0.003125,3.659953,True,True,0,1.570796
manual_roi:280:145:manual_roi:280:35:geometry:25836914057:edge_midpoint:6,geometry:25836914057,281,149,0.003125,0.003125,3.661478,True,True,0,1.570796
manual_roi:280:145:manual_roi:280:35:geometry:25836914057:edge_midpoint:6,geometry:25836914057,282,149,0.003125,0.003125,3.661429,True,True,0,1.570796
manual_roi:280:145:manual_roi:280:35:geometry:25836914057:edge_midpoint:6,geometry:25836914057,283,149,0.003125,0.003125,3.666098,True,True,0,1.570796
