region_id,node_id,object_id,node_center_x,node_center_y,object_centroid_projected_x,object_centroid_projected_y,max_decision_risk,inner_high_risk_radius,outer_stable_radius,required_precision_label_inside_region,convergence_class_distribution,region_class,sample_count,high_risk_sample_count,stable_sample_count,sealed
1,1,geometry:25836914057,456,246,480,270,2.253311,32.526912,,0.003125,threshold_snap:115,UNSEALED_NONCONVERGENT,115,115,0,no
2,2,geometry:25836914057,456,246,480,270,2.253311,32.526912,,0.003125,threshold_snap:115,UNSEALED_NONCONVERGENT,115,115,0,no
3,3,geometry:25836914057,456,286,480,270,2.253309,28.017851,,0.003125,threshold_snap:146,UNSEALED_NONCONVERGENT,146,146,0,no
4,4,geometry:25836914057,456,286,480,270,2.253309,28.017851,,0.003125,threshold_snap:146,UNSEALED_NONCONVERGENT,146,146,0,no
5,5,geometry:25836914057,448,254,480,270,2.253311,34.885527,,0.003125,threshold_snap:119,UNSEALED_NONCONVERGENT,119,119,0,no
6,6,geometry:25836914057,448,254,480,270,2.253311,34.885527,,0.003125,threshold_snap:119,UNSEALED_NONCONVERGENT,119,119,0,no
7,7,geometry:25836914057,448,238,480,270,2.253311,43.84062,,0.003125,threshold_snap:85,UNSEALED_NONCONVERGENT,85,85,0,no
8,8,geometry:25836914057,453,243,480,270,2.253311,36.769553,,0.003125,threshold_snap:95,UNSEALED_NONCONVERGENT,95,95,0,no
9,9,geometry:25836914057,448,286,480,270,2.253309,34.885527,,0.003125,threshold_snap:117,UNSEALED_NONCONVERGENT,117,117,0,no
10,10,geometry:25836914057,448,286,480,270,2.253309,34.885527,,0.003125,threshold_snap:117,UNSEALED_NONCONVERGENT,117,117,0,no
11,11,geometry:25836914057,456,294,480,270,2.253309,32.526912,,0.003125,threshold_snap:111,UNSEALED_NONCONVERGENT,111,111,0,no
12,12,geometry:25836914057,458,292,480,270,2.253309,29.698485,,0.003125,threshold_snap:127,UNSEALED_NONCONVERGENT,127,127,0,no
13,13,geometry:25836914057,456,262,480,270,2.253311,27.892651,,0.003125,threshold_snap:214,UNSEALED_NONCONVERGENT,214,214,0,no
14,14,geometry:25836914057,456,262,480,270,2.253311,27.892651,,0.003125,threshold_snap:214,UNSEALED_NONCONVERGENT,214,214,0,no
15,15,geometry:25836914057,456,294,480,270,2.253309,32.526912,,0.003125,threshold_snap:111,UNSEALED_NONCONVERGENT,111,111,0,no
16,16,geometry:25836914057,456,262,480,270,2.253311,27.892651,,0.003125,threshold_snap:214,UNSEALED_NONCONVERGENT,214,214,0,no
17,17,geometry:25836914057,456,262,480,270,2.253311,27.892651,,0.003125,threshold_snap:214,UNSEALED_NONCONVERGENT,214,214,0,no
18,18,geometry:25836914057,448,302,480,270,2.253309,43.84062,,0.003125,threshold_snap:83,UNSEALED_NONCONVERGENT,83,83,0,no
19,19,geometry:25836914057,458,248,480,270,2.253311,29.698485,,0.003125,threshold_snap:129,UNSEALED_NONCONVERGENT,129,129,0,no
20,20,geometry:25836914057,453,297,480,270,2.253309,36.769553,,0.003125,threshold_snap:91,UNSEALED_NONCONVERGENT,91,91,0,no
21,21,geometry:25836914057,453,265,480,270,2.253311,27.892651,,0.003125,threshold_snap:198,UNSEALED_NONCONVERGENT,198,198,0,no
22,22,geometry:25836914057,456,278,480,270,2.253309,27.856777,,0.003125,threshold_snap:211,UNSEALED_NONCONVERGENT,211,211,0,no
23,23,geometry:25836914057,456,278,480,270,2.253309,27.856777,,0.003125,threshold_snap:211,UNSEALED_NONCONVERGENT,211,211,0,no
24,24,geometry:25836914057,456,278,480,270,2.253309,27.856777,,0.003125,threshold_snap:211,UNSEALED_NONCONVERGENT,211,211,0,no
25,25,geometry:25836914057,456,278,480,270,2.253309,27.856777,,0.003125,threshold_snap:211,UNSEALED_NONCONVERGENT,211,211,0,no
26,26,geometry:25836914057,448,270,480,270,2.253311,31,,0.003125,threshold_snap:154,UNSEALED_NONCONVERGENT,154,154,0,no
27,27,geometry:25836914057,448,270,480,270,2.253311,31,,0.003125,threshold_snap:154,UNSEALED_NONCONVERGENT,154,154,0,no
28,28,geometry:25836914057,448,270,480,270,2.253311,31,,0.003125,threshold_snap:154,UNSEALED_NONCONVERGENT,154,154,0,no
29,29,geometry:25836914057,453,275,480,270,2.253309,27.892651,,0.003125,threshold_snap:199,UNSEALED_NONCONVERGENT,199,199,0,no
30,30,geometry:25836914057,456,254,480,270,2.253311,28.017851,,0.003125,threshold_snap:151,UNSEALED_NONCONVERGENT,151,151,0,no
31,31,geometry:25836914057,456,254,480,270,2.253311,28.017851,,0.003125,threshold_snap:151,UNSEALED_NONCONVERGENT,151,151,0,no
32,32,geometry:25836914057,464,286,480,270,2.253309,28,,0.003125,threshold_snap:204,UNSEALED_NONCONVERGENT,204,204,0,no
33,33,geometry:25836914057,464,286,480,270,2.253309,28,,0.003125,threshold_snap:204,UNSEALED_NONCONVERGENT,204,204,0,no
34,34,geometry:25836914057,460,290,480,270,2.253309,27.586228,,0.003125,threshold_snap:138,UNSEALED_NONCONVERGENT,138,138,0,no
35,35,geometry:25836914057,458,280,480,270,2.253309,27.856777,,0.003125,threshold_snap:215,UNSEALED_NONCONVERGENT,215,215,0,no
36,36,geometry:25836914057,464,286,480,270,2.253309,28,,0.003125,threshold_snap:204,UNSEALED_NONCONVERGENT,204,204,0,no
37,37,geometry:25836914057,464,286,480,270,2.253309,28,,0.003125,threshold_snap:204,UNSEALED_NONCONVERGENT,204,204,0,no
38,38,geometry:25836914057,461,251,480,270,2.253311,27.892651,,0.003125,threshold_snap:179,UNSEALED_NONCONVERGENT,179,179,0,no
39,39,geometry:25836914057,461,257,480,270,2.253311,27.784888,,0.003125,threshold_snap:213,UNSEALED_NONCONVERGENT,213,213,0,no
40,40,geometry:25836914057,461,251,480,270,2.253311,27.892651,,0.003125,threshold_snap:179,UNSEALED_NONCONVERGENT,179,179,0,no
41,41,geometry:25836914057,468,254,480,270,2.253311,28,,0.003125,threshold_snap:219,UNSEALED_NONCONVERGENT,219,219,0,no
42,42,geometry:25836914057,456,270,480,270,2.253311,28,,0.003125,threshold_snap:226,UNSEALED_NONCONVERGENT,226,226,0,no
43,43,geometry:25836914057,460,254,480,270,2.253311,28,,0.003125,threshold_snap:193,UNSEALED_NONCONVERGENT,193,193,0,no
44,44,geometry:25836914057,456,270,480,270,2.253311,28,,0.003125,threshold_snap:226,UNSEALED_NONCONVERGENT,226,226,0,no
45,45,geometry:25836914057,464,270,480,270,2.253311,27.856777,,0.003125,threshold_snap:255,UNSEALED_NONCONVERGENT,255,255,0,no
46,46,geometry:25836914057,464,270,480,270,2.253311,27.856777,,0.003125,threshold_snap:255,UNSEALED_NONCONVERGENT,255,255,0,no
47,47,geometry:25836914057,464,270,480,270,2.253311,27.856777,,0.003125,threshold_snap:255,UNSEALED_NONCONVERGENT,255,255,0,no
48,48,geometry:25836914057,464,270,480,270,2.253311,27.856777,,0.003125,threshold_snap:255,UNSEALED_NONCONVERGENT,255,255,0,no
49,49,geometry:25836914057,464,270,480,270,2.253311,27.856777,,0.003125,threshold_snap:255,UNSEALED_NONCONVERGENT,255,255,0,no
50,50,geometry:25836914057,464,270,480,270,2.253311,27.856777,,0.003125,threshold_snap:255,UNSEALED_NONCONVERGENT,255,255,0,no
51,51,geometry:25836914057,464,270,480,270,2.253311,27.856777,,0.003125,threshold_snap:255,UNSEALED_NONCONVERGENT,255,255,0,no
52,52,geometry:25836914057,463,253,480,270,2.253311,27.892651,,0.003125,threshold_snap:201,UNSEALED_NONCONVERGENT,201,201,0,no
53,53,geometry:25836914057,460,282,480,270,2.253309,28,,0.003125,threshold_snap:207,UNSEALED_NONCONVERGENT,207,207,0,no
54,54,geometry:25836914057,464,302,480,270,2.253309,34.885527,,0.003125,threshold_snap:91,UNSEALED_NONCONVERGENT,91,91,0,no
55,55,geometry:25836914057,464,274,480,270,2.253309,32.249031,,0.003125,threshold_snap:255,UNSEALED_NONCONVERGENT,255,255,0,no
56,56,geometry:25836914057,468,258,480,270,2.253311,28.284271,,0.003125,threshold_snap:229,UNSEALED_NONCONVERGENT,229,229,0,no
57,57,geometry:25836914057,466,284,480,270,2.253309,28,,0.003125,threshold_snap:223,UNSEALED_NONCONVERGENT,223,223,0,no
58,58,geometry:25836914057,468,258,480,270,2.253311,28.284271,,0.003125,threshold_snap:229,UNSEALED_NONCONVERGENT,229,229,0,no
59,59,geometry:25836914057,468,258,480,270,2.253311,28.284271,,0.003125,threshold_snap:229,UNSEALED_NONCONVERGENT,229,229,0,no
60,60,geometry:25836914057,464,250,480,270,2.253311,28,,0.003125,threshold_snap:183,UNSEALED_NONCONVERGENT,183,183,0,no
61,61,geometry:25836914057,468,282,480,270,2.253309,28.284271,,0.003125,threshold_snap:227,UNSEALED_NONCONVERGENT,227,227,0,no
62,62,geometry:25836914057,461,283,480,270,2.253309,27.784888,,0.003125,threshold_snap:211,UNSEALED_NONCONVERGENT,211,211,0,no
63,63,geometry:25836914057,468,282,480,270,2.253309,28.284271,,0.003125,threshold_snap:227,UNSEALED_NONCONVERGENT,227,227,0,no
64,64,geometry:25836914057,468,290,480,270,2.253309,28,,0.003125,threshold_snap:181,UNSEALED_NONCONVERGENT,181,181,0,no
65,65,geometry:25836914057,464,266,480,270,2.253311,32.249031,,0.003125,threshold_snap:255,UNSEALED_NONCONVERGENT,255,255,0,no
66,66,geometry:25836914057,463,269,480,270,2.253311,27.856777,,0.003125,threshold_snap:254,UNSEALED_NONCONVERGENT,254,254,0,no
67,67,geometry:25836914057,460,286,480,270,2.253309,28,,0.003125,threshold_snap:189,UNSEALED_NONCONVERGENT,189,189,0,no
68,68,geometry:25836914057,467,251,480,270,2.253311,27.784888,,0.003125,threshold_snap:197,UNSEALED_NONCONVERGENT,197,197,0,no
69,69,geometry:25836914057,461,289,480,270,2.253309,27.892651,,0.003125,threshold_snap:176,UNSEALED_NONCONVERGENT,176,176,0,no
70,70,geometry:25836914057,464,294,480,270,2.253309,28.017851,,0.003125,threshold_snap:128,UNSEALED_NONCONVERGENT,128,128,0,no
71,71,geometry:25836914057,464,258,480,270,2.253311,28,,0.003125,threshold_snap:229,UNSEALED_NONCONVERGENT,229,229,0,no
72,72,geometry:25836914057,467,257,480,270,2.253311,27.018512,,0.003125,threshold_snap:224,UNSEALED_NONCONVERGENT,224,224,0,no
73,73,geometry:25836914057,470,248,480,270,2.253311,27.856777,,0.003125,threshold_snap:181,UNSEALED_NONCONVERGENT,181,181,0,no
74,74,geometry:25836914057,461,289,480,270,2.253309,27.892651,,0.003125,threshold_snap:176,UNSEALED_NONCONVERGENT,176,176,0,no
75,75,geometry:25836914057,461,267,480,270,2.253311,27.856777,,0.003125,threshold_snap:250,UNSEALED_NONCONVERGENT,250,250,0,no
76,76,geometry:25836914057,460,270,480,270,2.253311,28,,0.003125,threshold_snap:247,UNSEALED_NONCONVERGENT,247,247,0,no
77,77,geometry:25836914057,464,282,480,270,2.253309,28,,0.003125,threshold_snap:227,UNSEALED_NONCONVERGENT,227,227,0,no
78,78,geometry:25836914057,467,283,480,270,2.253309,27.018512,,0.003125,threshold_snap:224,UNSEALED_NONCONVERGENT,224,224,0,no
79,79,geometry:25836914057,460,274,480,270,2.253309,30.463092,,0.003125,threshold_snap:237,UNSEALED_NONCONVERGENT,237,237,0,no
80,80,geometry:25836914057,468,250,480,270,2.253311,28,,0.003125,threshold_snap:184,UNSEALED_NONCONVERGENT,184,184,0,no
81,81,geometry:25836914057,463,285,480,270,2.253309,27.45906,,0.003125,threshold_snap:208,UNSEALED_NONCONVERGENT,208,208,0,no
82,82,geometry:25836914057,464,290,480,270,2.253309,28,,0.003125,threshold_snap:179,UNSEALED_NONCONVERGENT,179,179,0,no
83,83,geometry:25836914057,460,250,480,270,2.253311,27.586228,,0.003125,threshold_snap:143,UNSEALED_NONCONVERGENT,143,143,0,no
84,84,geometry:25836914057,461,273,480,270,2.253311,27.784888,,0.003125,threshold_snap:249,UNSEALED_NONCONVERGENT,249,249,0,no
85,85,geometry:25836914057,460,266,480,270,2.253311,30.463092,,0.003125,threshold_snap:238,UNSEALED_NONCONVERGENT,238,238,0,no
86,86,geometry:25836914057,458,260,480,270,2.253311,27.856777,,0.003125,threshold_snap:216,UNSEALED_NONCONVERGENT,216,216,0,no
87,87,geometry:25836914057,464,238,480,270,2.253311,34.885527,,0.003125,threshold_snap:93,UNSEALED_NONCONVERGENT,93,93,0,no
88,88,geometry:25836914057,466,256,480,270,2.253311,28,,0.003125,threshold_snap:224,UNSEALED_NONCONVERGENT,224,224,0,no
89,89,geometry:25836914057,468,286,480,270,2.253309,28,,0.003125,threshold_snap:218,UNSEALED_NONCONVERGENT,218,218,0,no
90,90,geometry:25836914057,464,254,480,270,2.253311,28,,0.003125,threshold_snap:208,UNSEALED_NONCONVERGENT,208,208,0,no
91,91,geometry:25836914057,464,254,480,270,2.253311,28,,0.003125,threshold_snap:208,UNSEALED_NONCONVERGENT,208,208,0,no
92,92,geometry:25836914057,464,254,480,270,2.253311,28,,0.003125,threshold_snap:208,UNSEALED_NONCONVERGENT,208,208,0,no
93,93,geometry:25836914057,464,254,480,270,2.253311,28,,0.003125,threshold_snap:208,UNSEALED_NONCONVERGENT,208,208,0,no
94,94,geometry:25836914057,467,289,480,270,2.253309,27.784888,,0.003125,threshold_snap:194,UNSEALED_NONCONVERGENT,194,194,0,no
95,95,geometry:25836914057,464,278,480,270,2.253309,28.84441,,0.003125,threshold_snap:239,UNSEALED_NONCONVERGENT,239,239,0,no
96,96,geometry:25836914057,464,278,480,270,2.253309,28.84441,,0.003125,threshold_snap:239,UNSEALED_NONCONVERGENT,239,239,0,no
97,97,geometry:25836914057,464,278,480,270,2.253309,28.84441,,0.003125,threshold_snap:239,UNSEALED_NONCONVERGENT,239,239,0,no
98,98,geometry:25836914057,464,278,480,270,2.253309,28.84441,,0.003125,threshold_snap:239,UNSEALED_NONCONVERGENT,239,239,0,no
99,99,geometry:25836914057,468,280,480,270,2.253309,29.732137,,0.003125,threshold_snap:240,UNSEALED_NONCONVERGENT,240,240,0,no
100,100,geometry:25836914057,464,262,480,270,2.253311,28.84441,,0.003125,threshold_snap:241,UNSEALED_NONCONVERGENT,241,241,0,no
101,101,geometry:25836914057,464,262,480,270,2.253311,28.84441,,0.003125,threshold_snap:241,UNSEALED_NONCONVERGENT,241,241,0,no
102,102,geometry:25836914057,464,262,480,270,2.253311,28.84441,,0.003125,threshold_snap:241,UNSEALED_NONCONVERGENT,241,241,0,no
103,103,geometry:25836914057,464,262,480,270,2.253311,28.84441,,0.003125,threshold_snap:241,UNSEALED_NONCONVERGENT,241,241,0,no
104,104,geometry:25836914057,466,268,480,270,2.253311,27.856777,,0.003125,threshold_snap:258,UNSEALED_NONCONVERGENT,258,258,0,no
105,105,geometry:25836914057,470,292,480,270,2.253309,27.856777,,0.003125,threshold_snap:177,UNSEALED_NONCONVERGENT,177,177,0,no
106,106,geometry:25836914057,460,258,480,270,2.253311,28,,0.003125,threshold_snap:210,UNSEALED_NONCONVERGENT,210,210,0,no
107,107,geometry:25836914057,464,246,480,270,2.253311,28.017851,,0.003125,threshold_snap:133,UNSEALED_NONCONVERGENT,133,133,0,no
108,108,geometry:25836914057,466,272,480,270,2.253311,27.856777,,0.003125,threshold_snap:258,UNSEALED_NONCONVERGENT,258,258,0,no
109,109,geometry:25836914057,472,278,480,270,2.253309,33.941125,,0.003125,threshold_snap:250,UNSEALED_NONCONVERGENT,250,250,0,no
110,110,geometry:25836914057,472,278,480,270,2.253309,33.941125,,0.003125,threshold_snap:250,UNSEALED_NONCONVERGENT,250,250,0,no
111,111,geometry:25836914057,472,278,480,270,2.253309,33.941125,,0.003125,threshold_snap:250,UNSEALED_NONCONVERGENT,250,250,0,no
112,112,geometry:25836914057,472,278,480,270,2.253309,33.941125,,0.003125,threshold_snap:250,UNSEALED_NONCONVERGENT,250,250,0,no
113,113,geometry:25836914057,472,278,480,270,2.253309,33.941125,,0.003125,threshold_snap:250,UNSEALED_NONCONVERGENT,250,250,0,no
114,114,geometry:25836914057,472,278,480,270,2.253309,33.941125,,0.003125,threshold_snap:250,UNSEALED_NONCONVERGENT,250,250,0,no
115,115,geometry:25836914057,472,262,480,270,2.253311,33.941125,,0.003125,threshold_snap:250,UNSEALED_NONCONVERGENT,250,250,0,no
116,116,geometry:25836914057,472,262,480,270,2.253311,33.941125,,0.003125,threshold_snap:250,UNSEALED_NONCONVERGENT,250,250,0,no
117,117,geometry:25836914057,472,262,480,270,2.253311,33.941125,,0.003125,threshold_snap:250,UNSEALED_NONCONVERGENT,250,250,0,no
118,118,geometry:25836914057,472,262,480,270,2.253311,33.941125,,0.003125,threshold_snap:250,UNSEALED_NONCONVERGENT,250,250,0,no
119,119,geometry:25836914057,472,262,480,270,2.253311,33.941125,,0.003125,threshold_snap:250,UNSEALED_NONCONVERGENT,250,250,0,no
120,120,geometry:25836914057,472,262,480,270,2.253311,33.941125,,0.003125,threshold_snap:250,UNSEALED_NONCONVERGENT,250,250,0,no
121,121,geometry:25836914057,471,277,480,270,2.253309,33.970576,,0.003125,threshold_snap:256,UNSEALED_NONCONVERGENT,256,256,0,no
122,122,geometry:25836914057,471,261,480,270,2.253311,32.526912,,0.003125,threshold_snap:249,UNSEALED_NONCONVERGENT,249,249,0,no
123,123,geometry:25836914057,468,262,480,270,2.253311,31.240999,,0.003125,threshold_snap:251,UNSEALED_NONCONVERGENT,251,251,0,no
124,124,geometry:25836914057,472,282,480,270,2.253309,31.240999,,0.003125,threshold_snap:236,UNSEALED_NONCONVERGENT,236,236,0,no
125,125,geometry:25836914057,469,281,480,270,2.253309,29.698485,,0.003125,threshold_snap:239,UNSEALED_NONCONVERGENT,239,239,0,no
126,126,geometry:25836914057,472,286,480,270,2.253309,28.84441,,0.003125,threshold_snap:208,UNSEALED_NONCONVERGENT,208,208,0,no
127,127,geometry:25836914057,472,254,480,270,2.253311,28.84441,,0.003125,threshold_snap:211,UNSEALED_NONCONVERGENT,211,211,0,no
128,128,geometry:25836914057,472,286,480,270,2.253309,28.84441,,0.003125,threshold_snap:208,UNSEALED_NONCONVERGENT,208,208,0,no
129,129,geometry:25836914057,472,254,480,270,2.253311,28.84441,,0.003125,threshold_snap:211,UNSEALED_NONCONVERGENT,211,211,0,no
130,130,geometry:25836914057,472,286,480,270,2.253309,28.84441,,0.003125,threshold_snap:208,UNSEALED_NONCONVERGENT,208,208,0,no
131,131,geometry:25836914057,472,254,480,270,2.253311,28.84441,,0.003125,threshold_snap:211,UNSEALED_NONCONVERGENT,211,211,0,no
132,132,geometry:25836914057,475,297,480,270,2.253309,28,,0.003125,threshold_snap:134,UNSEALED_NONCONVERGENT,134,134,0,no
133,133,geometry:25836914057,472,270,480,270,2.253309,28.84441,,0.003125,threshold_snap:259,UNSEALED_NONCONVERGENT,259,259,0,no
134,134,geometry:25836914057,472,270,480,270,2.253309,28.84441,,0.003125,threshold_snap:259,UNSEALED_NONCONVERGENT,259,259,0,no
135,135,geometry:25836914057,472,270,480,270,2.253309,28.84441,,0.003125,threshold_snap:259,UNSEALED_NONCONVERGENT,259,259,0,no
136,136,geometry:25836914057,472,270,480,270,2.253309,28.84441,,0.003125,threshold_snap:259,UNSEALED_NONCONVERGENT,259,259,0,no
137,137,geometry:25836914057,472,270,480,270,2.253309,28.84441,,0.003125,threshold_snap:259,UNSEALED_NONCONVERGENT,259,259,0,no
138,138,geometry:25836914057,472,246,480,270,2.253311,28,,0.003125,threshold_snap:165,UNSEALED_NONCONVERGENT,165,165,0,no
139,139,geometry:25836914057,472,246,480,270,2.253311,28,,0.003125,threshold_snap:165,UNSEALED_NONCONVERGENT,165,165,0,no
140,140,geometry:25836914057,468,278,480,270,2.253309,31.240999,,0.003125,threshold_snap:251,UNSEALED_NONCONVERGENT,251,251,0,no
141,141,geometry:25836914057,480,302,480,270,2.253293,31,,0.003125,threshold_snap:76,UNSEALED_NONCONVERGENT,76,76,0,no
142,142,geometry:25836914057,468,266,480,270,2.253311,34.409301,,0.003125,threshold_snap:254,UNSEALED_NONCONVERGENT,254,254,0,no
143,143,geometry:25836914057,468,266,480,270,2.253311,34.409301,,0.003125,threshold_snap:254,UNSEALED_NONCONVERGENT,254,254,0,no
144,144,geometry:25836914057,468,266,480,270,2.253311,34.409301,,0.003125,threshold_snap:254,UNSEALED_NONCONVERGENT,254,254,0,no
145,145,geometry:25836914057,473,275,480,270,2.253309,36.796739,,0.003125,threshold_snap:259,UNSEALED_NONCONVERGENT,259,259,0,no
146,146,geometry:25836914057,471,269,480,270,2.253311,28.600699,,0.003125,threshold_snap:259,UNSEALED_NONCONVERGENT,259,259,0,no
147,147,geometry:25836914057,472,294,480,270,2.253309,28,,0.003125,threshold_snap:160,UNSEALED_NONCONVERGENT,160,160,0,no
148,148,geometry:25836914057,472,294,480,270,2.253309,28,,0.003125,threshold_snap:160,UNSEALED_NONCONVERGENT,160,160,0,no
149,149,geometry:25836914057,472,258,480,270,2.253311,31.240999,,0.003125,threshold_snap:237,UNSEALED_NONCONVERGENT,237,237,0,no
150,150,geometry:25836914057,469,265,480,270,2.253311,34.205263,,0.003125,threshold_snap:256,UNSEALED_NONCONVERGENT,256,256,0,no
151,151,geometry:25836914057,473,263,480,270,2.253311,35.355339,,0.003125,threshold_snap:253,UNSEALED_NONCONVERGENT,253,253,0,no
152,152,geometry:25836914057,470,280,480,270,2.253309,31.112698,,0.003125,threshold_snap:247,UNSEALED_NONCONVERGENT,247,247,0,no
153,153,geometry:25836914057,480,238,480,270,2.253311,31,,0.003125,threshold_snap:79,UNSEALED_NONCONVERGENT,79,79,0,no
154,154,geometry:25836914057,470,260,480,270,2.253311,31.112698,,0.003125,threshold_snap:248,UNSEALED_NONCONVERGENT,248,248,0,no
155,155,geometry:25836914057,472,274,480,270,2.253309,36.878178,,0.003125,threshold_snap:260,UNSEALED_NONCONVERGENT,260,260,0,no
156,156,geometry:25836914057,472,266,480,270,2.253311,36.878178,,0.003125,threshold_snap:260,UNSEALED_NONCONVERGENT,260,260,0,no
157,157,geometry:25836914057,472,274,480,270,2.253309,36.878178,,0.003125,threshold_snap:260,UNSEALED_NONCONVERGENT,260,260,0,no
158,158,geometry:25836914057,472,266,480,270,2.253311,36.878178,,0.003125,threshold_snap:260,UNSEALED_NONCONVERGENT,260,260,0,no
159,159,geometry:25836914057,469,259,480,270,2.253311,29.698485,,0.003125,threshold_snap:242,UNSEALED_NONCONVERGENT,242,242,0,no
160,160,geometry:25836914057,475,243,480,270,2.253311,27.892651,,0.003125,threshold_snap:137,UNSEALED_NONCONVERGENT,137,137,0,no
161,161,geometry:25836914057,468,274,480,270,2.253309,34.409301,,0.003125,threshold_snap:254,UNSEALED_NONCONVERGENT,254,254,0,no
162,162,geometry:25836914057,468,274,480,270,2.253309,34.409301,,0.003125,threshold_snap:254,UNSEALED_NONCONVERGENT,254,254,0,no
163,163,geometry:25836914057,468,274,480,270,2.253309,34.409301,,0.003125,threshold_snap:254,UNSEALED_NONCONVERGENT,254,254,0,no
164,164,geometry:25836914057,468,270,480,270,2.253311,28,,0.003125,threshold_snap:262,UNSEALED_NONCONVERGENT,262,262,0,no
165,165,geometry:25836914057,468,270,480,270,2.253311,28,,0.003125,threshold_snap:262,UNSEALED_NONCONVERGENT,262,262,0,no
166,166,geometry:25836914057,469,275,480,270,2.253309,34.205263,,0.003125,threshold_snap:257,UNSEALED_NONCONVERGENT,257,257,0,no
167,167,geometry:25836914057,476,282,480,270,2.253309,34.409301,,0.003125,threshold_snap:221,UNSEALED_NONCONVERGENT,221,221,0,no
168,168,geometry:25836914057,480,270,480,270,2.253293,27.45906,,0.003125,threshold_snap:247,UNSEALED_NONCONVERGENT,247,247,0,no
169,169,geometry:25836914057,481,270,480,270,2.253293,27.658633,,0.003125,threshold_snap:245,UNSEALED_NONCONVERGENT,245,245,0,no
170,170,geometry:25836914057,479,270,480,270,2.253309,34.885527,,0.003125,threshold_snap:260,UNSEALED_NONCONVERGENT,260,260,0,no
171,171,geometry:25836914057,480,269,480,270,2.253293,34.885527,,0.003125,threshold_snap:250,UNSEALED_NONCONVERGENT,250,250,0,no
172,172,geometry:25836914057,481,269,480,270,2.253293,27.018512,,0.003125,threshold_snap:242,UNSEALED_NONCONVERGENT,242,242,0,no
173,173,geometry:25836914057,479,269,480,270,2.253311,43.84062,,0.003125,threshold_snap:258,UNSEALED_NONCONVERGENT,258,258,0,no
174,174,geometry:25836914057,478,270,480,270,2.253309,34,,0.003125,threshold_snap:262,UNSEALED_NONCONVERGENT,262,262,0,no
175,175,geometry:25836914057,480,278,480,270,2.253309,28.84441,,0.003125,threshold_snap:228,UNSEALED_NONCONVERGENT,228,228,0,no
176,176,geometry:25836914057,480,270,480,270,2.253293,27.45906,,0.003125,threshold_snap:247,UNSEALED_NONCONVERGENT,247,247,0,no
177,177,geometry:25836914057,480,270,480,270,2.253293,27.45906,,0.003125,threshold_snap:247,UNSEALED_NONCONVERGENT,247,247,0,no
178,178,geometry:25836914057,480,270,480,270,2.253293,27.45906,,0.003125,threshold_snap:247,UNSEALED_NONCONVERGENT,247,247,0,no
179,179,geometry:25836914057,480,278,480,270,2.253309,28.84441,,0.003125,threshold_snap:228,UNSEALED_NONCONVERGENT,228,228,0,no
180,180,geometry:25836914057,480,270,480,270,2.253293,27.45906,,0.003125,threshold_snap:247,UNSEALED_NONCONVERGENT,247,247,0,no
181,181,geometry:25836914057,480,270,480,270,2.253293,27.45906,,0.003125,threshold_snap:247,UNSEALED_NONCONVERGENT,247,247,0,no
182,182,geometry:25836914057,480,270,480,270,2.253293,27.45906,,0.003125,threshold_snap:247,UNSEALED_NONCONVERGENT,247,247,0,no
183,183,geometry:25836914057,480,278,480,270,2.253309,28.84441,,0.003125,threshold_snap:228,UNSEALED_NONCONVERGENT,228,228,0,no
184,184,geometry:25836914057,479,269,480,270,2.253311,43.84062,,0.003125,threshold_snap:258,UNSEALED_NONCONVERGENT,258,258,0,no
185,185,geometry:25836914057,479,261,480,270,2.253311,27.45906,,0.003125,threshold_snap:229,UNSEALED_NONCONVERGENT,229,229,0,no
186,186,geometry:25836914057,476,278,480,270,2.253309,36.878178,,0.003125,threshold_snap:244,UNSEALED_NONCONVERGENT,244,244,0,no
187,187,geometry:25836914057,480,271,480,270,2.253293,34.885527,,0.003125,threshold_snap:250,UNSEALED_NONCONVERGENT,250,250,0,no
188,188,geometry:25836914057,481,271,480,270,2.253293,27.018512,,0.003125,threshold_snap:242,UNSEALED_NONCONVERGENT,242,242,0,no
189,189,geometry:25836914057,479,271,480,270,2.253309,43.84062,,0.003125,threshold_snap:258,UNSEALED_NONCONVERGENT,258,258,0,no
190,190,geometry:25836914057,482,270,480,270,2.253293,27.892651,,0.003125,threshold_snap:241,UNSEALED_NONCONVERGENT,241,241,0,no
191,191,geometry:25836914057,480,268,480,270,2.253293,34,,0.003125,threshold_snap:250,UNSEALED_NONCONVERGENT,250,250,0,no
192,192,geometry:25836914057,482,268,480,270,2.253293,27.856777,,0.003125,threshold_snap:240,UNSEALED_NONCONVERGENT,240,240,0,no
193,193,geometry:25836914057,478,268,480,270,2.253311,42.426407,,0.003125,threshold_snap:258,UNSEALED_NONCONVERGENT,258,258,0,no
194,194,geometry:25836914057,478,268,480,270,2.253311,42.426407,,0.003125,threshold_snap:258,UNSEALED_NONCONVERGENT,258,258,0,no
195,195,geometry:25836914057,480,272,480,270,2.253309,34,,0.003125,threshold_snap:250,UNSEALED_NONCONVERGENT,250,250,0,no
196,196,geometry:25836914057,478,272,480,270,2.253309,42.426407,,0.003125,threshold_snap:258,UNSEALED_NONCONVERGENT,258,258,0,no
197,197,geometry:25836914057,476,270,480,270,2.253309,32.249031,,0.003125,threshold_snap:262,UNSEALED_NONCONVERGENT,262,262,0,no
198,198,geometry:25836914057,478,272,480,270,2.253309,42.426407,,0.003125,threshold_snap:258,UNSEALED_NONCONVERGENT,258,258,0,no
199,199,geometry:25836914057,476,270,480,270,2.253309,32.249031,,0.003125,threshold_snap:262,UNSEALED_NONCONVERGENT,262,262,0,no
200,200,geometry:25836914057,475,269,480,270,2.253311,41.10961,,0.003125,threshold_snap:264,UNSEALED_NONCONVERGENT,264,264,0,no
201,201,geometry:25836914057,482,272,480,270,2.253293,27.856777,,0.003125,threshold_snap:240,UNSEALED_NONCONVERGENT,240,240,0,no
202,202,geometry:25836914057,483,289,480,270,2.253309,27.892651,,0.003125,threshold_snap:180,UNSEALED_NONCONVERGENT,180,180,0,no
203,203,geometry:25836914057,482,272,480,270,2.253293,27.856777,,0.003125,threshold_snap:240,UNSEALED_NONCONVERGENT,240,240,0,no
204,204,geometry:25836914057,480,266,480,270,2.253293,32.249031,,0.003125,threshold_snap:244,UNSEALED_NONCONVERGENT,244,244,0,no
205,205,geometry:25836914057,480,286,480,270,2.253309,27.856777,,0.003125,threshold_snap:200,UNSEALED_NONCONVERGENT,200,200,0,no
206,206,geometry:25836914057,480,286,480,270,2.253309,27.856777,,0.003125,threshold_snap:200,UNSEALED_NONCONVERGENT,200,200,0,no
207,207,geometry:25836914057,480,286,480,270,2.253309,27.856777,,0.003125,threshold_snap:200,UNSEALED_NONCONVERGENT,200,200,0,no
208,208,geometry:25836914057,480,286,480,270,2.253309,27.856777,,0.003125,threshold_snap:200,UNSEALED_NONCONVERGENT,200,200,0,no
209,209,geometry:25836914057,479,273,480,270,2.253309,42.449971,,0.003125,threshold_snap:254,UNSEALED_NONCONVERGENT,254,254,0,no
210,210,geometry:25836914057,476,272,480,270,2.253309,41.036569,,0.003125,threshold_snap:262,UNSEALED_NONCONVERGENT,262,262,0,no
211,211,geometry:25836914057,479,253,480,270,2.253311,27.856777,,0.003125,threshold_snap:199,UNSEALED_NONCONVERGENT,199,199,0,no
212,212,geometry:25836914057,478,256,480,270,2.253311,28,,0.003125,threshold_snap:216,UNSEALED_NONCONVERGENT,216,216,0,no
213,213,geometry:25836914057,482,266,480,270,2.253293,28.071338,,0.003125,threshold_snap:235,UNSEALED_NONCONVERGENT,235,235,0,no
214,214,geometry:25836914057,480,274,480,270,2.253309,32.249031,,0.003125,threshold_snap:244,UNSEALED_NONCONVERGENT,244,244,0,no
215,215,geometry:25836914057,476,266,480,270,2.253311,39.59798,,0.003125,threshold_snap:254,UNSEALED_NONCONVERGENT,254,254,0,no
216,216,geometry:25836914057,476,266,480,270,2.253311,39.59798,,0.003125,threshold_snap:254,UNSEALED_NONCONVERGENT,254,254,0,no
217,217,geometry:25836914057,475,259,480,270,2.253311,34.205263,,0.003125,threshold_snap:240,UNSEALED_NONCONVERGENT,240,240,0,no
218,218,geometry:25836914057,476,266,480,270,2.253311,39.59798,,0.003125,threshold_snap:254,UNSEALED_NONCONVERGENT,254,254,0,no
219,219,geometry:25836914057,479,265,480,270,2.253311,41.10961,,0.003125,threshold_snap:249,UNSEALED_NONCONVERGENT,249,249,0,no
220,220,geometry:25836914057,475,273,480,270,2.253309,39.623226,,0.003125,threshold_snap:261,UNSEALED_NONCONVERGENT,261,261,0,no
221,221,geometry:25836914057,476,266,480,270,2.253311,39.59798,,0.003125,threshold_snap:254,UNSEALED_NONCONVERGENT,254,254,0,no
222,222,geometry:25836914057,476,274,480,270,2.253309,39.59798,,0.003125,threshold_snap:253,UNSEALED_NONCONVERGENT,253,253,0,no
223,223,geometry:25836914057,476,274,480,270,2.253309,39.59798,,0.003125,threshold_snap:253,UNSEALED_NONCONVERGENT,253,253,0,no
224,224,geometry:25836914057,478,284,480,270,2.253309,28,,0.003125,threshold_snap:215,UNSEALED_NONCONVERGENT,215,215,0,no
225,225,geometry:25836914057,476,274,480,270,2.253309,39.59798,,0.003125,threshold_snap:253,UNSEALED_NONCONVERGENT,253,253,0,no
226,226,geometry:25836914057,475,281,480,270,2.253309,34.205263,,0.003125,threshold_snap:239,UNSEALED_NONCONVERGENT,239,239,0,no
227,227,geometry:25836914057,475,265,480,270,2.253311,38.183766,,0.003125,threshold_snap:257,UNSEALED_NONCONVERGENT,257,257,0,no
228,228,geometry:25836914057,475,265,480,270,2.253311,38.183766,,0.003125,threshold_snap:257,UNSEALED_NONCONVERGENT,257,257,0,no
229,229,geometry:25836914057,475,265,480,270,2.253311,38.183766,,0.003125,threshold_snap:257,UNSEALED_NONCONVERGENT,257,257,0,no
230,230,geometry:25836914057,480,254,480,270,2.253311,27.856777,,0.003125,threshold_snap:201,UNSEALED_NONCONVERGENT,201,201,0,no
231,231,geometry:25836914057,480,254,480,270,2.253311,27.856777,,0.003125,threshold_snap:201,UNSEALED_NONCONVERGENT,201,201,0,no
232,232,geometry:25836914057,480,254,480,270,2.253311,27.856777,,0.003125,threshold_snap:201,UNSEALED_NONCONVERGENT,201,201,0,no
233,233,geometry:25836914057,480,254,480,270,2.253311,27.856777,,0.003125,threshold_snap:201,UNSEALED_NONCONVERGENT,201,201,0,no
234,234,geometry:25836914057,479,285,480,270,2.253309,27.892651,,0.003125,threshold_snap:211,UNSEALED_NONCONVERGENT,211,211,0,no
235,235,geometry:25836914057,480,262,480,270,2.253293,28.84441,,0.003125,threshold_snap:229,UNSEALED_NONCONVERGENT,229,229,0,no
236,236,geometry:25836914057,480,262,480,270,2.253293,28.84441,,0.003125,threshold_snap:229,UNSEALED_NONCONVERGENT,229,229,0,no
237,237,geometry:25836914057,480,262,480,270,2.253293,28.84441,,0.003125,threshold_snap:229,UNSEALED_NONCONVERGENT,229,229,0,no
238,238,geometry:25836914057,479,277,480,270,2.253309,29.154759,,0.003125,threshold_snap:239,UNSEALED_NONCONVERGENT,239,239,0,no
239,239,geometry:25836914057,475,275,480,270,2.253309,38.183766,,0.003125,threshold_snap:257,UNSEALED_NONCONVERGENT,257,257,0,no
240,240,geometry:25836914057,475,275,480,270,2.253309,38.183766,,0.003125,threshold_snap:257,UNSEALED_NONCONVERGENT,257,257,0,no
241,241,geometry:25836914057,476,262,480,270,2.253311,36.878178,,0.003125,threshold_snap:245,UNSEALED_NONCONVERGENT,245,245,0,no
242,242,geometry:25836914057,476,258,480,270,2.253311,34.409301,,0.003125,threshold_snap:222,UNSEALED_NONCONVERGENT,222,222,0,no
243,243,geometry:25836914057,483,251,480,270,2.253311,27.892651,,0.003125,threshold_snap:183,UNSEALED_NONCONVERGENT,183,183,0,no
244,244,geometry:25836914057,487,261,480,270,2.251359,27.892651,,0.003125,threshold_snap:200,UNSEALED_NONCONVERGENT,200,200,0,no
245,245,geometry:25836914057,488,262,480,270,2.251359,27.45906,,0.003125,threshold_snap:195,UNSEALED_NONCONVERGENT,195,195,0,no
246,246,geometry:25836914057,488,262,480,270,2.251359,27.45906,,0.003125,threshold_snap:195,UNSEALED_NONCONVERGENT,195,195,0,no
247,247,geometry:25836914057,488,262,480,270,2.251359,27.45906,,0.003125,threshold_snap:195,UNSEALED_NONCONVERGENT,195,195,0,no
248,248,geometry:25836914057,488,278,480,270,2.25136,27.45906,,0.003125,threshold_snap:194,UNSEALED_NONCONVERGENT,194,194,0,no
249,249,geometry:25836914057,488,278,480,270,2.25136,27.45906,,0.003125,threshold_snap:194,UNSEALED_NONCONVERGENT,194,194,0,no
250,250,geometry:25836914057,488,278,480,270,2.25136,27.45906,,0.003125,threshold_snap:194,UNSEALED_NONCONVERGENT,194,194,0,no
251,251,geometry:25836914057,487,277,480,270,2.25136,27.892651,,0.003125,threshold_snap:208,UNSEALED_NONCONVERGENT,208,208,0,no
252,252,geometry:25836914057,490,258,480,270,2.251358,27.784888,,0.003125,threshold_snap:170,UNSEALED_NONCONVERGENT,170,170,0,no
253,253,geometry:25836914057,488,254,480,270,2.251359,28,,0.003125,threshold_snap:160,UNSEALED_NONCONVERGENT,160,160,0,no
254,254,geometry:25836914057,483,267,480,270,2.253293,27.45906,,0.003125,threshold_snap:232,UNSEALED_NONCONVERGENT,232,232,0,no
255,255,geometry:25836914057,483,269,480,270,2.253293,27.892651,,0.003125,threshold_snap:234,UNSEALED_NONCONVERGENT,234,234,0,no
256,256,geometry:25836914057,484,270,480,270,2.25136,28,,0.003125,threshold_snap:227,UNSEALED_NONCONVERGENT,227,227,0,no
257,257,geometry:25836914057,488,246,480,270,2.251359,27.856777,,0.003125,threshold_snap:118,UNSEALED_NONCONVERGENT,118,118,0,no
258,258,geometry:25836914057,483,273,480,270,2.253283,27.45906,,0.003125,threshold_snap:231,UNSEALED_NONCONVERGENT,231,231,0,no
259,259,geometry:25836914057,483,273,480,270,2.253283,27.45906,,0.003125,threshold_snap:231,UNSEALED_NONCONVERGENT,231,231,0,no
260,260,geometry:25836914057,487,269,480,270,2.251358,27.45906,,0.003125,threshold_snap:208,UNSEALED_NONCONVERGENT,208,208,0,no
261,261,geometry:25836914057,484,266,480,270,2.251359,27.45906,,0.003125,threshold_snap:216,UNSEALED_NONCONVERGENT,216,216,0,no
262,262,geometry:25836914057,488,286,480,270,2.25136,28,,0.003125,threshold_snap:159,UNSEALED_NONCONVERGENT,159,159,0,no
263,263,geometry:25836914057,488,270,480,270,2.251358,28,,0.003125,threshold_snap:197,UNSEALED_NONCONVERGENT,197,197,0,no
264,264,geometry:25836914057,488,270,480,270,2.251358,28,,0.003125,threshold_snap:197,UNSEALED_NONCONVERGENT,197,197,0,no
265,265,geometry:25836914057,483,265,480,270,2.253293,27.45906,,0.003125,threshold_snap:225,UNSEALED_NONCONVERGENT,225,225,0,no
266,266,geometry:25836914057,485,263,480,270,2.251359,27.313001,,0.003125,threshold_snap:215,UNSEALED_NONCONVERGENT,215,215,0,no
267,267,geometry:25836914057,484,274,480,270,2.25136,27.45906,,0.003125,threshold_snap:216,UNSEALED_NONCONVERGENT,216,216,0,no
268,268,geometry:25836914057,485,275,480,270,2.25136,27.784888,,0.003125,threshold_snap:217,UNSEALED_NONCONVERGENT,217,217,0,no
269,269,geometry:25836914057,488,294,480,270,2.25136,27.856777,,0.003125,threshold_snap:115,UNSEALED_NONCONVERGENT,115,115,0,no
270,270,geometry:25836914057,490,280,480,270,2.25136,27.856777,,0.003125,threshold_snap:184,UNSEALED_NONCONVERGENT,184,184,0,no
271,271,geometry:25836914057,495,253,480,270,2.251358,27.45906,,0.003125,threshold_snap:112,UNSEALED_NONCONVERGENT,112,112,0,no
272,272,geometry:25836914057,496,286,480,270,2.25133,28,,0.003125,threshold_snap:106,UNSEALED_NONCONVERGENT,106,106,0,no
273,273,geometry:25836914057,495,269,480,270,2.250968,27.892651,,0.003125,threshold_snap:155,UNSEALED_NONCONVERGENT,155,155,0,no
274,274,geometry:25836914057,496,270,480,270,2.250968,28,,0.003125,threshold_snap:144,UNSEALED_NONCONVERGENT,144,144,0,no
275,275,geometry:25836914057,496,254,480,270,2.251358,28,,0.003125,threshold_snap:108,UNSEALED_NONCONVERGENT,108,108,0,no
276,276,geometry:25836914057,495,285,480,270,2.251346,27.892651,,0.003125,threshold_snap:125,UNSEALED_NONCONVERGENT,125,125,0,no
